Student_ID,Attendance_%,Study_Hours_per_Week,Assignments_Submitted,Internal_Marks,Previous_GPA,LMS_Logins,Travel_Time_Minutes,Parent_Education,Part_Time_Job,Final_Result
1,82.5,12.6,6.0,48.5,3.15,18.0,32.0,High School,No,Fail
2,72.9,9.9,7.0,50.6,2.76,27.0,31.0,High School,Yes,Pass
3,84.7,12.6,6.0,100.0,1.82,21.0,42.0,Master,No,Pass
4,97.8,14.7,6.0,65.0,2.3,29.0,17.0,Master,No,Pass
5,75.37608695652173,12.2,10.0,80.6,2.62,36.0,5.0,PhD,No,Pass
6,71.5,12.2,10.0,49.2,1.68,57.0,32.0,Bachelor,No,Fail
7,98.7,8.5,4.0,49.4,2.28,34.0,34.0,Master,Yes,Fail
8,86.5,8.7,9.0,86.6,3.26,8.0,52.0,Master,No,Pass
9,68.0,5.0,9.0,38.0,3.8,63.0,11.0,Master,No,Pass
10,83.1,20.7,5.0,56.7,2.51,23.0,47.0,Bachelor,No,Pass
11,75.37608695652173,5.8,9.0,65.7,3.33,39.0,66.0,High School,No,Pass
12,68.0,8.5,10.0,75.37608695652173,1.46,49.0,24.0,Master,Yes,Pass
13,78.6,8.4,5.0,61.4,3.26,44.0,11.0,Bachelor,No,Pass
14,46.3,16.5,5.0,75.37608695652173,2.24,62.0,24.0,Bachelor,No,Pass
15,49.1,10.5,9.0,78.9,3.02,75.37608695652173,30.0,Bachelor,No,Pass
16,66.6,18.2,8.0,79.7,2.63,23.0,38.0,Bachelor,No,Pass
17,59.8,8.6,8.0,45.3,3.72,84.0,21.0,Bachelor,No,Fail
18,79.7,13.4,8.0,59.3,2.19,44.0,53.0,High School,Yes,Pass
19,61.4,7.8,8.0,88.9,3.24,37.0,13.0,Master,No,Pass
20,75.37608695652173,22.7,4.0,82.9,2.6,59.0,5.0,Bachelor,No,Fail
21,97.0,6.1,9.0,37.5,2.69,45.0,47.0,Bachelor,No,Pass
22,75.37608695652173,13.5,9.0,72.0,2.67,48.0,5.0,High School,Yes,Pass
23,76.0,15.2,7.0,25.4,2.21,90.0,27.0,High School,Yes,Pass
24,53.6,14.1,7.0,65.9,2.79,34.0,77.0,High School,Yes,Pass
25,66.8,11.1,4.0,100.0,2.76,34.0,30.0,Bachelor,No,Pass
26,75.37608695652173,11.4,8.0,75.37608695652173,2.97,42.0,13.0,High School,No,Pass
27,57.7,12.2,8.0,48.3,2.86,61.0,29.0,Master,No,Fail
28,80.6,11.3,7.0,80.3,3.36,10.0,29.0,High School,No,Pass
29,66.0,16.8,9.0,34.1,3.45,1.0,32.0,High School,No,Fail
30,75.37608695652173,23.1,6.0,52.3,2.06,28.0,40.0,High School,No,Pass
31,66.0,9.2,8.0,76.9,3.41,7.0,14.0,High School,No,Pass
32,100.0,5.2,5.0,52.3,1.97,32.0,55.0,Master,No,Fail
33,74.8,11.6,7.0,60.3,3.21,50.0,34.0,Master,No,Pass
34,59.1,24.9,7.0,79.9,3.23,22.0,41.0,Bachelor,No,Pass
35,87.3,8.0,7.0,75.37608695652173,1.46,11.0,21.0,High School,No,Pass
36,56.7,20.2,6.0,75.37608695652173,2.87,41.0,49.0,High School,No,Pass
37,78.1,20.4,7.0,58.2,2.47,57.0,26.0,Bachelor,No,Pass
38,45.6,9.2,9.0,72.4,2.27,6.0,34.0,PhD,Yes,Pass
39,55.1,14.8,6.0,62.5,3.75,56.0,16.0,High School,Yes,Pass
40,78.0,20.1,4.0,74.2,2.34,75.37608695652173,15.0,Bachelor,Yes,Pass
41,86.1,10.1,10.0,55.1,2.24,59.0,40.0,Bachelor,No,Pass
42,77.6,11.0,10.0,61.3,2.85,64.0,23.0,High School,Yes,Pass
43,73.3,9.1,4.0,45.2,3.28,84.0,17.0,Bachelor,Yes,Fail
44,70.5,6.9,8.0,64.3,2.7,33.0,20.0,High School,Yes,Pass
45,52.8,8.8,6.0,48.8,3.62,42.0,40.0,Master,No,Fail
46,64.2,5.9,8.0,42.7,3.17,32.0,21.0,High School,No,Pass
47,68.1,12.2,8.0,70.2,1.28,40.0,28.0,Bachelor,No,Pass
48,90.9,8.2,7.0,69.3,2.43,71.0,30.0,High School,Yes,Pass
49,80.2,13.2,5.0,80.7,2.41,13.0,5.0,PhD,Yes,Pass
50,48.6,4.2,6.0,56.4,3.14,23.0,8.0,High School,No,Pass
51,79.9,13.7,5.0,73.2,0.96,68.0,35.0,Master,No,Pass
52,69.2,16.2,5.0,76.0,4.0,60.0,19.0,Master,Yes,Pass
53,64.8,2.0,7.0,75.37608695652173,3.17,33.0,46.0,PhD,Yes,Pass
54,84.2,13.9,6.0,75.37608695652173,2.9,57.0,45.0,Bachelor,No,Pass
55,75.37608695652173,18.1,8.0,68.0,3.63,47.0,41.0,Bachelor,No,Pass
56,89.0,6.0,10.0,72.3,4.0,70.0,57.0,High School,Yes,Pass
57,62.4,20.4,6.0,65.1,3.41,41.0,29.0,High School,Yes,Pass
58,70.4,14.1,7.0,23.3,3.46,61.0,40.0,Bachelor,No,Pass
59,80.0,8.5,8.0,68.2,2.89,93.0,21.0,High School,No,Pass
60,89.6,11.7,8.0,100.0,2.7,52.0,67.0,PhD,No,Pass
61,67.8,14.8,7.0,57.8,2.47,41.0,60.0,High School,No,Pass
62,75.37608695652173,12.4,8.0,50.4,2.22,54.0,30.0,Bachelor,No,Pass
63,58.4,14.7,8.0,72.5,2.32,33.0,36.0,Bachelor,No,Pass
64,57.1,7.4,5.0,71.2,1.85,88.0,50.0,Bachelor,No,Fail
65,87.2,12.8,9.0,88.9,2.75,44.0,28.0,Bachelor,No,Pass
66,95.3,4.9,9.0,39.8,1.62,35.0,20.0,High School,Yes,Fail
67,73.9,11.4,5.0,79.6,2.93,23.0,43.0,Bachelor,No,Pass
68,75.37608695652173,7.5,7.0,76.8,2.77,62.0,31.0,High School,No,Pass
69,80.4,8.3,8.0,62.2,2.9,57.0,33.0,Master,Yes,Pass
70,65.3,18.2,7.0,71.8,2.43,30.0,17.0,Master,No,Pass
71,80.4,17.5,9.0,85.6,4.0,52.0,5.0,PhD,No,Pass
72,98.1,15.0,10.0,82.4,3.75,10.0,34.0,High School,No,Pass
73,74.5,6.5,5.0,42.1,1.93,44.0,44.0,High School,No,Fail
74,98.5,10.4,4.0,81.4,2.96,49.0,27.0,High School,No,Pass
75,35.7,18.1,8.0,63.7,2.37,74.0,52.0,High School,Yes,Pass
76,87.3,12.7,8.0,66.5,2.09,25.0,19.0,High School,No,Pass
77,76.3,23.6,7.0,66.5,1.86,14.0,14.0,Bachelor,No,Pass
78,70.5,14.0,10.0,62.0,3.1,22.0,29.0,High School,Yes,Pass
79,76.4,13.0,4.0,75.37608695652173,2.32,13.0,29.0,Bachelor,Yes,Pass
80,45.2,10.5,8.0,63.3,3.48,67.0,42.0,Master,No,Pass
81,71.7,12.7,6.0,42.6,3.5,71.0,18.0,Bachelor,Yes,Pass
82,80.4,11.2,10.0,57.1,3.76,46.0,51.0,High School,No,Pass
83,97.2,15.5,10.0,68.6,2.2,64.0,60.0,High School,Yes,Pass
84,75.37608695652173,16.8,5.0,75.37608695652173,3.13,43.0,29.0,Bachelor,Yes,Pass
85,62.9,8.1,6.0,77.1,3.24,75.37608695652173,49.0,High School,No,Pass
86,67.5,5.3,9.0,75.37608695652173,2.47,33.0,14.0,Bachelor,Yes,Pass
87,88.7,2.8,6.0,100.0,2.26,34.0,46.0,High School,No,Pass
88,79.9,14.5,7.0,70.3,3.93,9.0,46.0,Master,No,Pass
89,67.1,6.5,7.0,90.5,2.96,45.0,43.0,Master,Yes,Pass
90,75.37608695652173,1.2,3.0,62.0,3.25,75.37608695652173,30.0,Bachelor,Yes,Pass
91,76.5,13.9,7.0,75.37608695652173,2.22,55.0,5.0,High School,No,Pass
92,89.5,24.5,6.0,81.8,1.95,75.37608695652173,20.0,High School,Yes,Pass
93,64.5,12.0,6.0,89.4,2.4,37.0,21.0,Master,No,Pass
94,70.1,16.2,10.0,86.1,2.71,23.0,15.0,Bachelor,No,Pass
95,69.1,12.4,4.0,75.37608695652173,2.06,41.0,32.0,High School,Yes,Pass
96,53.0,11.5,9.0,58.7,2.79,55.0,24.0,High School,No,Pass
97,79.4,16.6,6.0,53.6,1.62,17.0,18.0,High School,Yes,Pass
98,78.9,10.5,6.0,71.7,2.02,42.0,14.0,Master,Yes,Pass
99,75.1,13.3,9.0,83.7,3.27,75.37608695652173,19.0,High School,Yes,Pass
100,71.5,13.6,8.0,60.5,3.22,26.0,47.0,Bachelor,No,Pass
101,53.8,8.7,8.0,86.3,2.53,75.37608695652173,20.0,Bachelor,No,Pass
102,68.7,17.0,9.0,94.1,2.09,45.0,22.0,Bachelor,No,Pass
103,69.9,11.1,6.0,46.7,2.08,17.0,23.0,Master,No,Fail
104,63.0,8.2,6.0,75.37608695652173,2.54,47.0,35.0,Master,Yes,Pass
105,72.6,14.7,5.0,62.2,3.25,75.37608695652173,37.0,Bachelor,No,Pass
106,81.1,7.5,5.0,71.2,3.45,61.0,5.0,High School,No,Pass
107,100.0,12.1,10.0,54.5,2.45,87.0,45.0,Bachelor,No,Pass
108,75.37608695652173,12.0,9.0,92.0,1.99,23.0,52.0,Bachelor,Yes,Pass
109,78.9,17.4,4.0,73.5,2.99,75.37608695652173,14.0,Bachelor,Yes,Pass
110,73.9,14.4,4.0,65.8,2.22,25.0,15.0,Bachelor,No,Pass
111,46.2,11.9,8.0,36.3,2.44,61.0,23.0,High School,No,Fail
112,74.6,16.1,8.0,38.7,3.73,15.0,19.0,Bachelor,No,Fail
113,75.9,19.0,8.0,70.6,3.38,50.0,33.0,High School,No,Pass
114,100.0,14.8,6.0,22.3,2.91,23.0,5.0,Master,No,Pass
115,72.1,12.1,7.0,85.3,1.91,36.0,13.0,High School,No,Pass
116,75.37608695652173,5.4,8.0,61.8,2.95,19.0,53.0,Bachelor,No,Pass
117,74.5,6.7,7.0,100.0,3.54,56.0,16.0,High School,No,Pass
118,57.5,10.5,3.0,100.0,2.54,23.0,49.0,Bachelor,No,Fail
119,92.1,9.0,7.0,61.4,3.75,51.0,35.0,Bachelor,No,Pass
120,75.37608695652173,11.1,5.0,75.37608695652173,3.7,33.0,5.0,High School,Yes,Pass
121,86.9,12.3,7.0,84.9,3.96,38.0,40.0,Master,No,Pass
122,61.4,14.6,10.0,99.1,3.01,43.0,28.0,Bachelor,No,Pass
123,96.0,11.6,8.0,32.2,3.21,75.37608695652173,23.0,Bachelor,No,Pass
124,54.0,14.4,6.0,29.3,3.79,44.0,34.0,High School,Yes,Fail
125,83.8,12.3,9.0,52.6,3.11,71.0,37.0,Bachelor,Yes,Pass
126,100.0,2.1,8.0,76.7,2.45,24.0,41.0,Bachelor,No,Pass
127,75.37608695652173,7.3,8.0,74.9,2.49,63.0,48.0,Bachelor,Yes,Pass
128,66.5,11.3,8.0,86.4,2.97,70.0,36.0,Bachelor,No,Pass
129,76.5,6.0,10.0,41.0,1.9,24.0,9.0,Bachelor,No,Fail
130,67.4,15.0,5.0,18.7,2.7,11.0,23.0,High School,No,Fail
131,51.7,19.7,8.0,82.2,3.57,46.0,74.0,High School,Yes,Pass
132,76.0,18.1,5.0,48.4,1.27,29.0,41.0,High School,No,Fail
133,59.1,10.9,8.0,24.6,3.87,77.0,66.0,High School,No,Fail
134,82.1,19.5,5.0,67.9,3.59,41.0,51.0,Bachelor,No,Pass
135,61.2,12.7,6.0,80.9,2.48,24.0,34.0,Master,No,Pass
136,98.2,10.3,6.0,62.6,3.18,17.0,35.0,High School,Yes,Pass
137,63.3,8.9,9.0,55.8,2.8,62.0,29.0,PhD,Yes,Pass
138,70.2,10.5,9.0,61.8,3.66,29.0,5.0,Bachelor,Yes,Pass
139,87.2,10.1,5.0,57.6,3.49,41.0,30.0,Master,No,Pass
140,56.5,12.9,7.0,38.0,1.82,59.0,48.0,Bachelor,Yes,Fail
141,78.4,12.8,6.0,50.7,3.21,30.0,21.0,Bachelor,No,Pass
142,94.6,12.0,4.0,75.4,2.66,39.0,36.0,High School,No,Pass
143,50.9,14.2,7.0,71.4,2.86,40.0,43.0,High School,Yes,Pass
144,77.8,18.0,6.0,68.4,2.29,54.0,16.0,High School,Yes,Pass
145,78.9,16.7,10.0,45.1,4.0,52.0,23.0,Bachelor,No,Pass
146,86.7,4.6,8.0,75.37608695652173,3.53,36.0,15.0,High School,No,Pass
147,56.4,0.0,4.0,21.5,2.28,41.0,18.0,Master,Yes,Fail
148,55.2,16.7,6.0,75.37608695652173,1.87,75.37608695652173,11.0,High School,Yes,Fail
149,82.8,5.2,9.0,93.6,2.53,10.0,16.0,Master,No,Pass
150,75.37608695652173,10.9,10.0,35.5,3.1,45.0,51.0,High School,Yes,Pass
151,78.8,6.1,4.0,53.3,2.97,78.0,16.0,High School,No,Pass
152,80.2,3.0,3.0,71.6,3.68,22.0,32.0,High School,Yes,Pass
153,64.8,14.7,10.0,90.1,3.35,25.0,22.0,Bachelor,No,Pass
154,78.5,15.8,8.0,75.37608695652173,3.48,75.37608695652173,48.0,High School,No,Pass
155,79.4,9.1,5.0,51.2,3.03,54.0,50.0,Master,No,Pass
156,64.3,0.0,8.0,75.37608695652173,1.83,49.0,43.0,High School,No,Fail
157,100.0,9.3,2.0,67.1,2.66,37.0,35.0,High School,No,Pass
158,82.1,14.0,7.0,100.0,3.54,22.0,27.0,Master,Yes,Pass
159,57.1,4.6,8.0,70.5,2.76,75.37608695652173,12.0,High School,Yes,Pass
160,84.8,12.9,9.0,64.6,3.15,9.0,59.0,Master,No,Pass
161,60.4,11.9,5.0,71.4,2.58,43.0,19.0,PhD,No,Pass
162,86.8,14.9,7.0,64.8,2.08,57.0,40.0,High School,No,Pass
163,92.4,12.6,5.0,48.7,2.71,15.0,46.0,High School,No,Fail
164,62.7,7.1,8.0,81.5,3.02,9.0,22.0,High School,No,Pass
165,89.5,18.0,5.0,69.5,2.34,72.0,46.0,Master,No,Pass
166,81.2,11.2,6.0,65.4,2.64,28.0,41.0,Bachelor,No,Pass
167,87.3,11.9,5.0,45.5,2.14,63.0,56.0,Bachelor,No,Pass
168,100.0,7.3,8.0,91.1,3.58,37.0,23.0,Master,No,Pass
169,71.3,9.8,9.0,78.3,2.59,37.0,11.0,High School,No,Pass
170,63.7,7.6,7.0,53.9,3.82,49.0,22.0,Master,No,Pass
171,61.7,11.1,7.0,85.0,3.87,75.37608695652173,33.0,Bachelor,Yes,Pass
172,62.8,20.6,4.0,55.0,2.74,75.37608695652173,31.0,Bachelor,No,Pass
173,75.37608695652173,5.1,6.0,49.4,2.09,32.0,24.0,Master,Yes,Pass
174,80.1,3.9,7.0,49.8,1.34,14.0,5.0,Bachelor,No,Fail
175,79.2,19.4,10.0,29.6,1.77,47.0,37.0,High School,Yes,Fail
176,87.4,11.0,5.0,74.4,1.84,35.0,60.0,Bachelor,Yes,Fail
177,75.2,8.7,10.0,28.4,3.76,37.0,37.0,Bachelor,No,Pass
178,96.8,17.2,9.0,40.4,2.88,75.37608695652173,39.0,High School,No,Fail
179,71.0,9.0,8.0,23.5,3.07,72.0,39.0,PhD,No,Pass
180,100.0,21.1,10.0,63.3,1.25,58.0,36.0,High School,No,Pass
181,84.4,15.4,8.0,62.0,1.96,59.0,44.0,Bachelor,No,Pass
182,62.1,9.6,8.0,58.5,3.42,34.0,36.0,Bachelor,Yes,Pass
183,58.9,22.8,7.0,44.1,3.0,5.0,25.0,High School,No,Fail
184,82.2,9.0,9.0,41.6,2.7,79.0,18.0,Master,No,Pass
185,71.6,15.7,9.0,74.3,3.2,39.0,26.0,Master,No,Pass
186,85.7,13.5,6.0,54.0,3.95,25.0,35.0,Bachelor,No,Pass
187,82.1,18.5,4.0,71.3,2.65,75.37608695652173,25.0,High School,No,Pass
188,73.9,19.8,7.0,47.3,2.85,63.0,35.0,High School,No,Pass
189,62.3,12.2,5.0,68.6,2.93,40.0,37.0,High School,No,Pass
190,52.3,8.2,7.0,91.1,4.0,66.0,42.0,High School,No,Pass
191,68.3,14.3,9.0,76.7,1.33,62.0,49.0,Bachelor,No,Pass
192,87.8,8.6,6.0,56.8,3.28,18.0,31.0,PhD,No,Pass
193,78.2,22.1,7.0,70.1,2.72,27.0,10.0,Bachelor,Yes,Pass
194,56.3,12.7,7.0,60.2,3.2,59.0,25.0,Master,No,Pass
195,77.6,10.2,9.0,65.2,2.34,0.0,31.0,Bachelor,No,Pass
196,80.8,12.9,3.0,58.5,2.77,37.0,5.0,Bachelor,Yes,Pass
197,61.7,5.3,6.0,75.37608695652173,3.3,11.0,51.0,Master,No,Pass
198,77.3,7.1,7.0,69.2,4.0,30.0,32.0,Bachelor,No,Pass
199,75.9,18.0,9.0,45.1,3.37,34.0,36.0,Master,No,Pass
200,57.9,8.7,6.0,44.7,2.21,33.0,50.0,High School,No,Fail
201,80.4,6.8,3.0,37.2,2.5,29.0,21.0,High School,No,Fail
202,83.4,14.7,8.0,33.0,2.48,18.0,39.0,Master,Yes,Fail
203,91.2,17.9,6.0,40.7,1.54,86.0,28.0,Bachelor,No,Fail
204,90.8,15.6,5.0,68.2,2.57,77.0,27.0,Master,No,Pass
205,54.3,17.0,6.0,47.1,3.31,17.0,18.0,Master,No,Fail
206,60.9,8.2,7.0,75.3,1.91,72.0,55.0,High School,Yes,Pass
207,82.7,4.9,6.0,65.7,3.53,32.0,24.0,Bachelor,Yes,Pass
208,82.7,19.5,3.0,25.6,3.14,43.0,40.0,High School,No,Fail
209,75.37608695652173,10.4,9.0,78.1,2.29,39.0,5.0,Bachelor,No,Pass
210,100.0,10.7,10.0,81.2,2.7,27.0,48.0,Master,No,Pass
211,83.6,18.6,8.0,45.1,3.92,60.0,46.0,High School,No,Pass
212,92.0,14.8,5.0,73.4,3.31,43.0,31.0,Bachelor,No,Pass
213,89.3,14.3,7.0,47.9,2.81,30.0,27.0,Bachelor,No,Pass
214,84.8,22.8,7.0,67.0,2.63,14.0,36.0,High School,No,Pass
215,70.3,8.8,8.0,39.7,2.85,75.37608695652173,64.0,Master,Yes,Pass
216,86.4,16.6,8.0,29.1,2.44,7.0,5.0,Bachelor,No,Fail
217,63.4,12.3,6.0,57.3,1.33,40.0,42.0,Master,No,Pass
218,71.4,13.3,7.0,62.5,4.0,16.0,16.0,High School,No,Pass
219,67.7,19.6,8.0,75.37608695652173,2.91,35.0,30.0,High School,No,Pass
220,75.37608695652173,14.5,10.0,41.3,3.08,67.0,26.0,Bachelor,No,Pass
221,100.0,14.7,8.0,75.37608695652173,2.76,75.37608695652173,24.0,High School,No,Pass
222,75.37608695652173,17.4,9.0,70.4,2.29,39.0,30.0,PhD,No,Pass
223,85.3,10.2,7.0,64.1,2.67,38.0,13.0,High School,No,Pass
224,50.8,7.8,10.0,68.7,1.68,78.0,45.0,Master,No,Fail
225,67.9,6.8,8.0,51.6,4.0,50.0,5.0,Bachelor,No,Pass
226,91.3,2.2,5.0,88.4,1.94,33.0,38.0,High School,No,Pass
227,76.0,22.3,10.0,41.5,2.08,11.0,25.0,High School,No,Fail
228,58.8,6.5,8.0,74.8,2.49,48.0,12.0,Bachelor,No,Pass
229,75.37608695652173,10.9,6.0,88.6,3.7,57.0,33.0,Bachelor,Yes,Pass
230,85.2,10.6,6.0,74.6,2.81,27.0,7.0,High School,No,Pass
231,64.0,13.5,8.0,75.37608695652173,1.93,46.0,31.0,Master,No,Pass
232,78.2,16.1,8.0,54.4,3.68,33.0,9.0,High School,No,Pass
233,75.7,16.3,7.0,85.7,3.31,36.0,37.0,Bachelor,Yes,Pass
234,65.2,9.1,8.0,36.5,3.18,0.0,16.0,Bachelor,No,Fail
235,100.0,11.2,10.0,45.6,3.3,75.37608695652173,23.0,High School,Yes,Pass
236,84.5,13.4,9.0,75.37608695652173,4.0,75.37608695652173,34.0,Master,No,Pass
237,44.6,10.8,7.0,75.37608695652173,4.0,27.0,18.0,High School,No,Pass
238,77.8,20.0,9.0,72.6,2.32,41.0,29.0,High School,No,Pass
239,65.1,14.5,5.0,45.6,3.94,25.0,7.0,High School,Yes,Fail
240,87.8,15.7,8.0,58.8,3.07,47.0,39.0,Bachelor,Yes,Pass
241,63.1,15.3,10.0,52.7,3.15,36.0,56.0,Bachelor,Yes,Pass
242,73.3,17.9,7.0,50.8,1.62,21.0,72.0,Bachelor,Yes,Pass
243,82.6,12.9,5.0,84.6,2.68,67.0,31.0,High School,No,Pass
244,75.37608695652173,5.5,6.0,37.6,2.23,59.0,42.0,High School,No,Pass
245,57.0,14.0,5.0,97.2,3.38,28.0,5.0,Master,No,Fail
246,70.0,8.7,5.0,81.6,3.55,50.0,53.0,High School,No,Pass
247,67.9,9.4,6.0,75.37608695652173,1.35,51.0,42.0,Master,Yes,Pass
248,65.2,14.9,4.0,55.7,2.78,53.0,23.0,High School,Yes,Pass
249,100.0,18.2,7.0,62.0,3.59,6.0,49.0,Master,Yes,Pass
250,81.1,12.1,9.0,36.3,2.67,60.0,26.0,High School,No,Pass
251,56.1,13.5,5.0,54.5,3.31,29.0,23.0,Bachelor,No,Pass
252,88.8,20.5,10.0,74.9,3.05,33.0,37.0,High School,Yes,Pass
253,100.0,13.2,8.0,90.9,3.04,93.0,14.0,High School,Yes,Pass
254,90.5,25.0,9.0,42.9,2.61,46.0,45.0,High School,No,Pass
255,52.2,14.8,6.0,57.7,1.95,32.0,14.0,High School,No,Fail
256,67.7,3.2,9.0,62.0,2.01,0.0,14.0,High School,No,Pass
257,94.0,15.8,5.0,75.37608695652173,3.3,68.0,16.0,Bachelor,No,Fail
258,64.4,13.9,9.0,76.8,2.81,13.0,41.0,Bachelor,Yes,Pass
259,81.7,18.4,7.0,50.5,2.7,20.0,21.0,Master,No,Pass
260,86.6,15.4,8.0,61.1,2.5,33.0,10.0,Bachelor,No,Pass
261,61.1,11.3,5.0,56.0,2.59,68.0,21.0,Bachelor,No,Pass
262,74.1,5.9,5.0,49.2,3.53,55.0,30.0,Bachelor,No,Pass
263,30.0,11.0,8.0,64.9,2.57,37.0,12.0,Bachelor,No,Pass
264,59.6,7.7,5.0,60.7,1.86,46.0,13.0,Bachelor,Yes,Fail
265,71.2,9.1,8.0,57.6,3.32,28.0,62.0,Master,No,Pass
266,56.3,14.9,4.0,50.4,2.66,43.0,17.0,High School,Yes,Fail
267,75.37608695652173,20.3,9.0,71.4,2.82,41.0,25.0,High School,Yes,Pass
268,53.5,14.0,5.0,98.1,3.93,75.37608695652173,24.0,Bachelor,No,Fail
269,68.4,6.0,8.0,67.8,2.79,59.0,24.0,High School,Yes,Pass
270,77.0,14.2,8.0,84.9,3.0,50.0,39.0,Master,No,Pass
271,96.6,18.0,6.0,37.2,1.97,75.37608695652173,44.0,Master,No,Fail
272,53.5,9.0,8.0,68.2,2.65,55.0,25.0,High School,Yes,Pass
273,92.4,11.3,8.0,43.1,3.23,38.0,11.0,High School,No,Pass
274,75.2,12.1,6.0,35.5,1.71,18.0,49.0,Bachelor,No,Fail
275,60.3,8.1,5.0,50.2,2.94,32.0,29.0,Bachelor,No,Pass
276,81.9,15.2,3.0,88.8,2.87,42.0,56.0,High School,No,Pass
277,78.0,11.4,8.0,84.0,2.83,58.0,5.0,Bachelor,No,Pass
278,75.37608695652173,14.1,4.0,69.9,3.53,36.0,33.0,Bachelor,No,Pass
279,76.0,7.6,7.0,34.3,3.03,16.0,59.0,High School,No,Fail
280,69.2,9.8,6.0,61.1,3.83,41.0,25.0,High School,No,Pass
281,76.7,15.6,8.0,71.0,2.1,42.0,27.0,Master,No,Pass
282,84.9,10.1,6.0,68.5,2.9,44.0,34.0,High School,No,Pass
283,98.8,20.6,6.0,28.1,2.86,58.0,22.0,Master,Yes,Pass
284,56.4,10.0,8.0,75.37608695652173,2.05,60.0,25.0,Bachelor,No,Fail
285,100.0,13.1,8.0,75.37608695652173,3.47,28.0,25.0,Bachelor,No,Pass
286,45.7,16.7,8.0,75.7,4.0,28.0,21.0,Master,No,Pass
287,72.7,4.9,8.0,21.1,2.79,19.0,48.0,Master,No,Fail
288,83.8,3.2,4.0,75.37608695652173,3.15,75.37608695652173,37.0,High School,Yes,Pass
289,79.2,4.4,9.0,67.9,2.86,69.0,34.0,High School,Yes,Pass
290,65.7,18.3,8.0,82.0,2.3,75.37608695652173,42.0,Master,Yes,Pass
291,71.9,9.2,5.0,78.9,1.53,35.0,26.0,Bachelor,Yes,Fail
292,67.6,24.8,7.0,76.7,2.31,69.0,18.0,High School,No,Pass
293,66.2,9.2,7.0,49.0,1.83,75.37608695652173,21.0,Master,No,Fail
294,87.7,12.9,7.0,26.8,3.99,75.37608695652173,30.0,High School,No,Pass
295,80.4,19.7,8.0,57.1,2.72,16.0,14.0,High School,Yes,Pass
296,64.6,22.0,10.0,85.0,2.56,54.0,22.0,High School,No,Pass
297,88.5,22.3,9.0,92.9,3.42,21.0,22.0,Bachelor,No,Pass
298,79.6,18.0,4.0,75.37608695652173,2.01,17.0,62.0,Bachelor,No,Pass
299,75.37608695652173,17.1,8.0,73.6,2.26,33.0,5.0,High School,No,Pass
300,84.4,15.0,10.0,72.6,2.85,28.0,27.0,High School,Yes,Pass
301,62.6,15.9,8.0,53.9,3.52,36.0,56.0,High School,No,Pass
302,66.6,9.2,9.0,62.4,3.15,11.0,32.0,Bachelor,No,Pass
303,75.37608695652173,7.9,10.0,98.4,2.97,59.0,41.0,High School,Yes,Pass
304,84.2,12.0,9.0,46.1,2.85,63.0,31.0,Master,Yes,Pass
305,74.7,11.1,7.0,75.37608695652173,3.08,1.0,20.0,High School,Yes,Pass
306,76.8,9.7,9.0,58.6,2.94,60.0,5.0,PhD,Yes,Pass
307,94.2,15.5,7.0,91.5,2.08,24.0,33.0,High School,No,Pass
308,66.1,16.8,7.0,36.9,2.83,57.0,18.0,Master,No,Pass
309,83.2,12.4,6.0,76.7,2.05,39.0,18.0,High School,Yes,Pass
310,75.37608695652173,19.4,10.0,50.3,2.86,41.0,23.0,High School,No,Pass
311,71.7,6.3,5.0,36.7,2.46,36.0,56.0,Master,No,Pass
312,91.5,11.0,10.0,75.37608695652173,4.0,64.0,66.0,Master,Yes,Pass
313,87.4,8.4,8.0,85.2,2.77,15.0,33.0,Bachelor,Yes,Pass
314,87.2,2.7,4.0,48.1,1.82,75.37608695652173,23.0,Bachelor,Yes,Fail
315,94.6,11.6,8.0,35.0,2.71,62.0,12.0,Bachelor,No,Pass
316,75.3,11.4,3.0,63.2,3.16,54.0,37.0,Master,Yes,Pass
317,85.2,19.6,8.0,63.3,3.97,86.0,57.0,High School,No,Pass
318,70.3,15.2,9.0,76.0,2.39,29.0,26.0,Bachelor,No,Pass
319,75.37608695652173,6.9,6.0,84.0,1.69,59.0,5.0,Bachelor,No,Pass
320,73.0,21.3,7.0,63.8,3.37,38.0,40.0,High School,Yes,Pass
321,76.5,18.1,10.0,100.0,1.83,75.37608695652173,45.0,Master,No,Pass
322,83.9,14.9,6.0,69.5,2.49,40.0,6.0,High School,No,Pass
323,62.7,10.9,5.0,58.1,2.62,32.0,33.0,High School,No,Pass
324,100.0,7.2,10.0,32.8,2.75,66.0,37.0,Bachelor,No,Pass
325,59.9,10.1,10.0,59.7,3.28,30.0,29.0,Bachelor,No,Pass
326,56.8,17.4,7.0,58.3,2.32,12.0,18.0,High School,No,Pass
327,92.4,21.4,9.0,84.2,2.61,30.0,45.0,High School,No,Pass
328,86.9,19.7,10.0,74.2,2.79,52.0,24.0,Master,No,Pass
329,84.4,9.6,6.0,41.4,2.9,68.0,8.0,High School,Yes,Pass
330,84.4,6.4,6.0,68.4,2.87,42.0,5.0,Bachelor,No,Pass
331,74.8,12.7,9.0,78.4,3.11,66.0,49.0,Bachelor,No,Pass
332,61.5,3.2,10.0,95.6,3.39,13.0,39.0,Bachelor,No,Pass
333,76.1,13.6,8.0,82.8,3.07,31.0,31.0,Master,Yes,Pass
334,64.8,11.3,5.0,80.2,3.12,34.0,23.0,Bachelor,No,Pass
335,89.6,9.7,10.0,66.2,1.69,38.0,22.0,Bachelor,No,Pass
336,72.8,4.0,6.0,72.8,2.84,42.0,14.0,Bachelor,Yes,Pass
337,62.6,14.6,6.0,90.0,3.14,54.0,24.0,Bachelor,Yes,Pass
338,70.2,9.3,8.0,38.3,3.31,75.37608695652173,5.0,Bachelor,No,Pass
339,81.2,6.2,10.0,58.0,2.32,43.0,19.0,Master,No,Pass
340,66.5,0.0,9.0,49.5,2.34,39.0,25.0,High School,No,Pass
341,62.7,11.9,8.0,72.6,2.4,21.0,39.0,High School,Yes,Pass
342,75.37608695652173,20.9,8.0,89.6,3.18,38.0,29.0,High School,No,Pass
343,78.7,20.3,7.0,53.1,3.52,37.0,42.0,High School,No,Pass
344,67.4,9.7,8.0,17.2,2.51,75.37608695652173,50.0,High School,No,Pass
345,67.9,9.0,2.0,56.8,3.44,75.37608695652173,46.0,Master,No,Pass
346,78.5,14.3,6.0,83.3,2.89,42.0,37.0,Bachelor,No,Pass
347,53.3,7.0,7.0,75.8,2.71,31.0,30.0,Bachelor,No,Pass
348,53.9,13.5,5.0,73.6,2.65,75.37608695652173,15.0,Bachelor,Yes,Fail
349,64.2,15.8,8.0,59.4,3.32,17.0,41.0,Master,No,Pass
350,71.8,18.1,7.0,39.4,3.03,26.0,55.0,Bachelor,No,Pass
351,79.7,11.5,10.0,75.3,4.0,96.0,35.0,Master,No,Pass
352,97.1,11.0,10.0,48.3,2.2,19.0,59.0,High School,No,Fail
353,87.9,7.6,6.0,75.37608695652173,3.16,13.0,7.0,Master,No,Pass
354,72.6,7.9,7.0,76.4,2.43,55.0,13.0,Bachelor,Yes,Pass
355,74.7,10.9,7.0,53.4,2.19,0.0,43.0,High School,Yes,Pass
356,60.0,13.8,6.0,52.8,2.79,35.0,34.0,Bachelor,No,Pass
357,75.37608695652173,16.6,7.0,63.1,2.9,83.0,50.0,Bachelor,No,Pass
358,70.7,8.0,5.0,60.2,4.0,9.0,30.0,High School,No,Pass
359,75.37608695652173,19.5,5.0,87.3,2.67,0.0,17.0,Bachelor,Yes,Pass
360,62.6,10.6,8.0,68.7,2.01,10.0,27.0,High School,No,Pass
361,82.8,11.9,8.0,50.4,2.99,58.0,7.0,High School,Yes,Pass
362,98.0,8.3,5.0,100.0,1.35,75.37608695652173,13.0,Master,Yes,Pass
363,73.4,0.0,9.0,66.0,2.74,30.0,45.0,Bachelor,No,Pass
364,81.0,16.4,6.0,80.4,2.81,54.0,43.0,Master,No,Pass
365,85.4,15.7,8.0,52.8,3.36,68.0,35.0,Bachelor,No,Pass
366,69.0,10.6,9.0,72.3,3.48,76.0,5.0,High School,Yes,Pass
367,78.4,12.3,7.0,71.2,2.45,35.0,25.0,Bachelor,No,Pass
368,75.2,14.6,8.0,27.2,2.69,0.0,12.0,Bachelor,No,Fail
369,76.5,4.2,6.0,100.0,2.26,24.0,48.0,PhD,No,Pass
370,63.4,9.4,7.0,90.8,2.01,75.37608695652173,21.0,High School,No,Pass
371,75.4,16.0,7.0,57.1,3.02,35.0,14.0,Master,No,Pass
372,82.5,5.7,6.0,43.0,1.91,36.0,30.0,Master,No,Fail
373,96.8,13.5,7.0,72.0,2.51,62.0,20.0,Bachelor,No,Pass
374,89.4,5.2,4.0,66.7,2.1,75.37608695652173,52.0,Master,No,Pass
375,100.0,14.3,6.0,72.1,3.18,37.0,19.0,High School,Yes,Pass
376,63.5,11.8,6.0,68.8,4.0,62.0,9.0,PhD,No,Pass
377,88.1,3.9,6.0,75.1,1.89,47.0,5.0,Bachelor,Yes,Pass
378,75.37608695652173,17.8,7.0,93.9,1.5,41.0,30.0,High School,Yes,Pass
379,75.37608695652173,8.3,7.0,76.4,2.71,58.0,22.0,Master,Yes,Pass
380,62.9,7.9,8.0,44.0,2.81,41.0,9.0,Bachelor,No,Pass
381,62.4,13.0,9.0,92.3,2.95,81.0,48.0,Bachelor,No,Pass
382,66.0,17.7,6.0,97.8,2.49,11.0,40.0,Bachelor,No,Pass
383,43.1,6.9,5.0,100.0,2.66,30.0,30.0,High School,No,Fail
384,67.1,12.3,5.0,42.5,3.06,75.37608695652173,50.0,Bachelor,Yes,Fail
385,75.37608695652173,14.1,6.0,69.9,3.53,49.0,40.0,Master,No,Pass
386,77.3,15.5,6.0,23.4,1.43,65.0,18.0,High School,Yes,Fail
387,80.1,12.9,5.0,76.1,2.54,40.0,14.0,High School,No,Pass
388,100.0,10.2,4.0,54.0,2.95,12.0,42.0,High School,No,Pass
389,89.3,7.9,6.0,100.0,2.16,75.37608695652173,36.0,Bachelor,Yes,Pass
390,66.3,12.4,7.0,49.5,4.0,55.0,33.0,Bachelor,Yes,Pass
391,61.5,6.6,8.0,31.2,2.36,1.0,17.0,Master,No,Fail
392,82.4,0.0,6.0,55.6,2.77,40.0,39.0,Master,No,Pass
393,55.2,14.2,6.0,25.5,3.19,8.0,19.0,Bachelor,No,Fail
394,100.0,16.5,5.0,80.0,2.39,27.0,28.0,High School,No,Pass
395,75.37608695652173,0.2,7.0,23.7,1.51,22.0,52.0,Master,No,Fail
396,68.0,7.0,5.0,75.37608695652173,2.5,56.0,20.0,Master,No,Pass
397,49.3,15.1,8.0,23.4,3.52,42.0,6.0,Bachelor,Yes,Fail
398,95.3,22.3,3.0,58.6,2.56,14.0,14.0,Bachelor,Yes,Pass
399,73.3,12.1,6.0,97.9,2.21,58.0,45.0,Master,No,Pass
400,93.6,8.4,8.0,72.2,3.45,11.0,34.0,Bachelor,No,Pass
401,51.1,11.1,7.0,47.7,2.57,47.0,28.0,High School,Yes,Fail
402,66.0,18.9,10.0,64.4,2.44,24.0,22.0,Bachelor,Yes,Pass
403,75.1,8.8,8.0,65.4,2.9,33.0,37.0,High School,Yes,Pass
404,75.7,8.0,5.0,74.5,3.34,50.0,17.0,High School,Yes,Pass
405,68.2,9.6,7.0,37.7,4.0,50.0,35.0,Bachelor,Yes,Pass
406,84.3,7.2,3.0,76.9,3.38,75.37608695652173,19.0,High School,No,Pass
407,59.0,12.6,7.0,10.9,3.61,38.0,17.0,High School,No,Fail
408,72.9,20.1,5.0,52.4,2.45,46.0,20.0,High School,No,Pass
409,75.37608695652173,13.6,9.0,55.2,2.08,31.0,24.0,Bachelor,No,Pass
410,82.7,10.7,6.0,77.7,2.84,75.37608695652173,29.0,Master,No,Pass
411,85.7,10.5,7.0,65.5,2.88,49.0,34.0,PhD,No,Pass
412,58.1,4.2,6.0,36.9,2.05,38.0,5.0,High School,No,Fail
413,52.0,16.4,10.0,45.3,2.68,4.0,18.0,Bachelor,No,Fail
414,94.2,11.6,6.0,69.0,3.08,47.0,24.0,Master,No,Pass
415,80.0,11.1,10.0,63.4,3.05,47.0,53.0,High School,No,Pass
416,75.37608695652173,28.0,9.0,53.4,3.15,26.0,14.0,Bachelor,No,Pass
417,98.3,13.5,8.0,55.4,3.0,14.0,32.0,Master,No,Pass
418,76.7,8.2,8.0,78.9,2.45,70.0,52.0,High School,No,Pass
419,92.7,9.9,8.0,54.6,2.44,50.0,10.0,Master,No,Pass
420,76.0,17.7,3.0,63.2,1.96,35.0,36.0,Master,Yes,Fail
421,100.0,12.6,6.0,100.0,4.0,17.0,18.0,High School,No,Pass
422,100.0,4.8,9.0,75.37608695652173,2.81,24.0,22.0,High School,No,Pass
423,71.3,16.6,7.0,28.0,2.64,66.0,18.0,High School,Yes,Pass
424,89.6,8.7,4.0,80.7,2.15,43.0,19.0,High School,No,Pass
425,84.7,21.4,7.0,51.4,4.0,29.0,71.0,Bachelor,No,Pass
426,95.5,17.4,10.0,75.37608695652173,2.05,50.0,43.0,Bachelor,Yes,Pass
427,75.37608695652173,9.8,9.0,49.4,2.5,24.0,47.0,High School,No,Pass
428,75.37608695652173,18.4,7.0,59.8,3.09,70.0,37.0,Master,Yes,Pass
429,90.9,12.3,9.0,97.0,3.22,67.0,6.0,High School,No,Pass
430,75.37608695652173,16.3,6.0,81.0,3.47,31.0,36.0,High School,No,Pass
431,57.3,14.4,4.0,82.2,4.0,27.0,46.0,High School,No,Fail
432,44.4,7.8,5.0,36.7,3.15,75.37608695652173,17.0,Bachelor,No,Fail
433,75.37608695652173,8.8,10.0,42.0,2.06,10.0,44.0,Bachelor,No,Fail
434,85.8,17.1,6.0,8.2,2.62,13.0,41.0,High School,No,Fail
435,97.5,10.3,7.0,48.8,3.02,43.0,58.0,High School,No,Pass
436,75.37608695652173,10.0,6.0,84.1,4.0,33.0,24.0,Master,No,Pass
437,99.4,7.2,10.0,75.3,1.82,13.0,14.0,PhD,No,Pass
438,54.3,14.1,10.0,60.6,3.64,34.0,25.0,High School,No,Pass
439,75.37608695652173,22.3,10.0,64.6,2.93,50.0,52.0,High School,Yes,Pass
440,74.2,6.7,7.0,51.2,3.39,51.0,5.0,Bachelor,No,Pass
441,80.8,12.1,8.0,69.1,2.73,2.0,5.0,Bachelor,Yes,Pass
442,74.5,19.1,4.0,80.3,2.21,37.0,31.0,High School,No,Pass
443,44.0,11.6,10.0,32.7,3.33,12.0,23.0,Master,No,Fail
444,73.7,14.3,5.0,71.0,3.26,75.37608695652173,30.0,Bachelor,Yes,Pass
445,55.4,6.7,7.0,83.6,3.48,56.0,44.0,Bachelor,Yes,Pass
446,85.0,14.1,5.0,56.7,2.79,22.0,22.0,Bachelor,Yes,Pass
447,80.5,11.1,6.0,79.0,2.38,25.0,5.0,PhD,No,Pass
448,60.9,16.9,5.0,100.0,1.71,31.0,61.0,Master,No,Pass
449,67.3,17.9,6.0,62.9,3.37,0.0,15.0,High School,No,Pass
450,59.1,24.9,6.0,72.9,3.1,47.0,14.0,High School,No,Pass
451,74.1,14.9,6.0,50.2,2.12,75.37608695652173,47.0,Bachelor,Yes,Pass
452,75.37608695652173,13.6,9.0,68.6,2.42,59.0,24.0,High School,No,Pass
453,60.2,13.0,5.0,74.2,2.47,18.0,29.0,Bachelor,No,Pass
454,82.6,10.2,7.0,68.9,1.76,28.0,37.0,Master,No,Pass
455,67.0,13.7,9.0,44.6,2.23,10.0,46.0,Bachelor,Yes,Fail
456,63.1,10.5,6.0,69.1,2.01,20.0,25.0,PhD,No,Pass
457,73.4,12.8,6.0,94.2,2.51,16.0,53.0,High School,No,Pass
458,59.5,18.6,7.0,74.0,2.28,60.0,5.0,Master,No,Pass
459,66.7,7.0,9.0,75.37608695652173,1.66,26.0,41.0,Master,No,Pass
460,57.0,17.7,7.0,75.37608695652173,4.0,42.0,17.0,High School,No,Pass
461,100.0,18.6,6.0,80.0,3.68,32.0,51.0,Bachelor,No,Pass
462,75.5,11.4,8.0,70.6,2.25,15.0,32.0,High School,Yes,Pass
463,64.5,1.4,5.0,46.0,2.99,37.0,20.0,Master,No,Fail
464,78.2,9.0,8.0,71.4,3.09,52.0,40.0,Bachelor,No,Pass
465,73.3,18.5,8.0,45.2,3.63,16.0,43.0,High School,Yes,Fail
466,71.7,11.9,6.0,52.3,2.23,75.37608695652173,40.0,Bachelor,No,Pass
467,84.2,7.0,5.0,68.8,3.56,23.0,15.0,Bachelor,No,Pass
468,86.4,9.5,5.0,70.9,2.42,30.0,23.0,High School,No,Pass
469,67.0,16.2,8.0,41.2,1.86,51.0,30.0,High School,No,Fail
470,75.37608695652173,14.7,9.0,86.1,3.31,27.0,29.0,Bachelor,No,Pass
471,70.9,10.8,6.0,76.4,3.7,41.0,41.0,Bachelor,No,Pass
472,40.5,10.2,8.0,50.9,4.0,34.0,5.0,Master,Yes,Pass
473,52.3,10.0,3.0,34.2,1.96,43.0,35.0,Master,No,Fail
474,95.5,7.4,6.0,62.1,3.29,0.0,26.0,Bachelor,Yes,Pass
475,99.7,20.1,7.0,56.1,2.51,3.0,17.0,Master,Yes,Pass
476,71.3,10.4,5.0,67.3,3.35,52.0,19.0,Bachelor,No,Pass
477,83.6,18.1,5.0,57.7,1.77,61.0,27.0,Bachelor,No,Pass
478,79.7,19.6,6.0,24.9,1.92,22.0,5.0,High School,No,Fail
479,100.0,17.0,8.0,57.2,2.26,35.0,19.0,High School,Yes,Pass
480,91.8,9.8,7.0,58.9,2.86,46.0,17.0,Bachelor,No,Pass
481,73.1,14.0,3.0,77.7,2.35,54.0,38.0,High School,Yes,Pass
482,60.7,11.9,3.0,51.0,3.26,0.0,18.0,Bachelor,No,Pass
483,50.9,7.5,6.0,98.6,3.52,22.0,27.0,Master,No,Pass
484,75.37608695652173,13.6,8.0,26.8,3.22,75.37608695652173,53.0,High School,Yes,Pass
485,63.7,6.1,2.0,91.2,3.93,54.0,45.0,Bachelor,No,Pass
486,53.7,17.9,6.0,60.5,3.09,75.37608695652173,44.0,Master,Yes,Pass
487,65.3,9.7,6.0,82.2,1.95,35.0,23.0,Master,No,Pass
488,58.8,13.0,10.0,66.6,3.75,12.0,38.0,High School,No,Pass
489,100.0,13.4,6.0,87.8,2.38,48.0,26.0,High School,No,Pass
490,88.2,10.7,8.0,57.3,3.44,66.0,27.0,Bachelor,No,Pass
491,74.9,14.9,7.0,43.0,3.9,42.0,36.0,Bachelor,No,Pass
492,97.2,9.6,3.0,93.4,3.12,22.0,21.0,High School,Yes,Pass
493,76.2,16.4,9.0,62.7,1.75,59.0,52.0,High School,Yes,Pass
494,62.1,5.3,7.0,69.4,2.16,53.0,28.0,Master,No,Pass
495,97.8,12.6,8.0,89.7,3.73,19.0,39.0,Bachelor,No,Pass
496,83.1,21.7,10.0,44.4,2.68,48.0,52.0,PhD,Yes,Pass
497,59.4,7.0,3.0,76.9,2.86,60.0,45.0,Master,No,Fail
498,72.1,8.6,10.0,53.2,3.33,64.0,9.0,Master,No,Pass
499,61.9,14.6,6.0,62.4,3.29,39.0,37.0,High School,No,Pass
500,54.3,12.9,8.0,66.4,3.0,33.0,43.0,Master,No,Pass
501,88.9,13.8,7.0,35.0,2.65,65.0,43.0,High School,No,Pass
502,100.0,14.4,6.0,49.4,2.58,16.0,13.0,Bachelor,No,Fail
503,54.0,15.2,6.0,92.0,3.4,49.0,20.0,Bachelor,Yes,Pass
504,83.4,17.5,8.0,82.7,3.19,13.0,45.0,High School,No,Pass
505,65.2,14.0,4.0,63.7,2.62,75.37608695652173,19.0,Master,Yes,Pass
506,67.7,10.8,9.0,69.9,3.56,35.0,26.0,Master,Yes,Pass
507,66.1,15.4,6.0,59.1,2.71,65.0,54.0,High School,No,Pass
508,62.0,21.5,5.0,92.1,2.2,50.0,29.0,Bachelor,No,Pass
509,75.7,11.3,6.0,61.0,2.27,16.0,19.0,High School,Yes,Pass
510,62.5,7.1,10.0,69.6,2.11,68.0,17.0,Bachelor,No,Pass
511,79.1,17.5,6.0,87.9,2.61,71.0,35.0,Master,No,Pass
512,74.2,11.4,8.0,49.5,3.66,58.0,10.0,High School,Yes,Pass
513,71.4,1.1,6.0,75.37608695652173,2.24,25.0,26.0,Master,No,Pass
514,61.4,16.2,9.0,34.4,2.93,34.0,35.0,High School,No,Pass
515,66.3,9.3,8.0,75.37608695652173,2.34,43.0,49.0,Bachelor,Yes,Pass
516,86.3,11.5,10.0,57.5,2.62,26.0,40.0,Bachelor,No,Pass
517,82.5,13.7,7.0,60.1,1.74,74.0,19.0,High School,No,Pass
518,60.3,13.0,8.0,27.2,2.65,43.0,48.0,High School,No,Pass
519,76.5,15.5,7.0,55.9,2.66,0.0,26.0,Master,No,Pass
520,86.3,9.8,10.0,44.2,3.18,47.0,11.0,Master,Yes,Pass
521,50.0,14.6,6.0,75.37608695652173,2.96,33.0,27.0,High School,No,Pass
522,83.2,10.7,8.0,75.37608695652173,1.96,39.0,52.0,Bachelor,Yes,Pass
523,75.37608695652173,15.7,7.0,84.2,3.56,33.0,32.0,High School,No,Pass
524,83.6,15.1,7.0,69.2,2.95,56.0,30.0,High School,No,Pass
525,75.37608695652173,7.3,7.0,71.2,2.94,62.0,55.0,Bachelor,Yes,Pass
526,47.9,17.4,8.0,75.37608695652173,2.79,46.0,9.0,High School,No,Fail
527,50.6,9.3,7.0,47.4,2.44,33.0,11.0,Master,Yes,Fail
528,75.7,16.0,7.0,100.0,2.95,39.0,6.0,Bachelor,No,Pass
529,78.9,13.8,10.0,50.3,3.13,40.0,36.0,Master,No,Pass
530,61.4,21.2,9.0,98.1,1.58,24.0,32.0,Bachelor,Yes,Pass
531,84.6,10.9,9.0,60.1,2.42,52.0,53.0,Master,No,Pass
532,75.37608695652173,10.3,6.0,75.37608695652173,2.62,49.0,34.0,Bachelor,No,Pass
533,74.0,11.9,5.0,86.4,2.98,71.0,24.0,Bachelor,Yes,Pass
534,56.8,10.5,9.0,90.4,3.64,65.0,30.0,PhD,No,Pass
535,65.2,16.0,9.0,62.8,2.26,26.0,32.0,Bachelor,No,Pass
536,75.7,3.9,10.0,75.37608695652173,2.45,56.0,5.0,High School,No,Pass
537,62.1,6.7,6.0,63.9,2.44,21.0,71.0,Bachelor,No,Pass
538,69.2,6.7,7.0,71.8,2.24,54.0,38.0,Master,No,Pass
539,90.1,16.8,4.0,82.8,2.56,30.0,33.0,Master,No,Pass
540,66.3,20.6,6.0,65.1,3.34,20.0,39.0,Bachelor,No,Pass
541,87.5,11.5,9.0,77.4,2.06,46.0,41.0,Bachelor,No,Pass
542,58.1,11.2,6.0,97.8,3.1,0.0,28.0,PhD,Yes,Pass
543,82.9,12.4,8.0,72.6,1.61,5.0,21.0,High School,No,Pass
544,96.6,17.8,7.0,71.2,2.41,36.0,39.0,Bachelor,No,Pass
545,37.9,7.4,8.0,34.6,2.57,42.0,36.0,High School,No,Fail
546,63.0,13.2,5.0,12.4,3.97,75.37608695652173,18.0,Bachelor,Yes,Fail
547,83.7,16.9,7.0,72.8,2.61,8.0,51.0,Bachelor,No,Pass
548,72.0,14.5,1.0,63.1,1.26,24.0,34.0,High School,No,Fail
549,80.6,12.9,7.0,54.7,1.4,48.0,41.0,High School,No,Pass
550,65.9,17.0,4.0,69.9,2.82,52.0,51.0,Bachelor,No,Pass
551,76.3,0.0,9.0,63.8,3.23,40.0,30.0,High School,No,Pass
552,72.7,15.4,9.0,87.6,3.06,63.0,35.0,High School,No,Pass
553,75.37608695652173,8.7,8.0,66.7,2.92,48.0,42.0,Master,No,Pass
554,78.8,2.8,10.0,50.1,3.61,25.0,19.0,High School,Yes,Pass
555,80.1,14.6,5.0,75.37608695652173,2.42,75.37608695652173,31.0,Bachelor,No,Pass
556,68.8,18.9,10.0,60.7,3.43,12.0,32.0,Master,Yes,Pass
557,67.7,11.3,9.0,75.5,1.66,38.0,16.0,High School,No,Pass
558,75.37608695652173,16.8,7.0,55.5,2.17,62.0,65.0,High School,No,Pass
559,80.9,20.1,9.0,75.37608695652173,1.54,54.0,9.0,Bachelor,No,Pass
560,68.7,18.6,5.0,66.7,2.61,75.37608695652173,11.0,Master,Yes,Pass
561,79.3,20.2,5.0,65.3,2.77,34.0,50.0,Master,No,Pass
562,100.0,15.7,6.0,74.6,2.88,67.0,41.0,Master,Yes,Pass
563,88.1,12.4,6.0,59.6,2.84,36.0,15.0,Master,Yes,Pass
564,70.1,4.0,5.0,75.37608695652173,2.15,69.0,39.0,High School,Yes,Fail
565,93.0,10.8,9.0,56.3,2.67,40.0,52.0,High School,No,Pass
566,68.9,7.8,6.0,80.9,1.75,54.0,30.0,High School,No,Pass
567,44.4,22.9,8.0,59.1,3.75,70.0,69.0,High School,No,Pass
568,59.9,11.1,6.0,60.1,2.59,36.0,5.0,Bachelor,No,Pass
569,46.9,12.6,3.0,84.7,2.46,44.0,40.0,Bachelor,Yes,Fail
570,75.37608695652173,14.8,8.0,50.8,3.91,66.0,47.0,High School,No,Pass
571,75.3,12.2,3.0,34.1,1.93,37.0,43.0,Master,Yes,Fail
572,100.0,20.5,7.0,61.8,2.01,14.0,27.0,High School,Yes,Pass
573,79.9,8.9,4.0,55.3,2.03,83.0,26.0,Bachelor,Yes,Pass
574,71.7,13.0,10.0,45.7,2.75,31.0,37.0,Bachelor,No,Pass
575,87.4,8.3,9.0,61.5,3.1,43.0,42.0,Bachelor,No,Pass
576,75.37608695652173,5.4,7.0,74.8,3.32,63.0,39.0,Bachelor,No,Pass
577,78.5,8.9,10.0,64.8,4.0,28.0,46.0,High School,No,Pass
578,86.6,11.8,5.0,71.1,1.23,20.0,15.0,Bachelor,No,Pass
579,52.8,9.9,8.0,75.37608695652173,3.23,45.0,27.0,Master,Yes,Pass
580,92.2,8.5,7.0,58.1,2.41,4.0,16.0,Master,No,Pass
581,80.1,5.0,8.0,70.6,2.39,34.0,24.0,Bachelor,No,Pass
582,68.8,11.6,10.0,54.8,2.37,45.0,45.0,Bachelor,No,Pass
583,75.37608695652173,4.5,8.0,48.1,2.16,35.0,32.0,Bachelor,No,Pass
584,100.0,15.8,8.0,75.37608695652173,3.98,9.0,69.0,Master,No,Pass
585,75.37608695652173,12.4,4.0,55.4,3.39,72.0,33.0,High School,Yes,Pass
586,78.7,4.7,5.0,75.37608695652173,2.82,75.37608695652173,31.0,Bachelor,No,Pass
587,68.1,10.5,7.0,100.0,3.75,69.0,32.0,Master,No,Pass
588,62.3,8.2,7.0,50.7,1.74,35.0,20.0,Bachelor,Yes,Pass
589,87.5,13.6,5.0,56.7,1.87,22.0,29.0,High School,No,Fail
590,62.2,18.7,10.0,63.7,1.28,45.0,47.0,Bachelor,No,Pass
591,76.1,2.6,10.0,72.9,2.31,36.0,32.0,High School,Yes,Pass
592,67.8,12.6,8.0,70.3,2.91,16.0,18.0,Bachelor,No,Pass
593,82.2,11.2,7.0,90.7,2.87,75.37608695652173,16.0,Bachelor,No,Pass
594,80.0,15.4,7.0,16.5,2.9,28.0,23.0,Master,No,Pass
595,90.6,13.1,5.0,17.3,1.81,3.0,31.0,Bachelor,Yes,Fail
596,67.3,8.2,7.0,55.1,3.36,67.0,48.0,High School,Yes,Pass
597,71.0,10.4,8.0,86.9,2.97,30.0,10.0,High School,No,Pass
598,60.3,8.0,5.0,33.7,3.31,28.0,25.0,Master,No,Fail
599,68.3,17.4,8.0,4.8,1.48,5.0,32.0,High School,No,Fail
600,80.7,12.1,7.0,76.4,3.02,75.0,5.0,Bachelor,Yes,Pass
601,86.4,21.5,3.0,69.9,1.97,14.0,17.0,High School,Yes,Fail
602,61.2,11.7,5.0,43.2,2.52,41.0,20.0,Master,Yes,Pass
603,75.37608695652173,8.5,6.0,45.3,3.17,58.0,18.0,Bachelor,No,Pass
604,95.3,4.4,10.0,45.6,2.86,48.0,33.0,High School,No,Pass
605,81.2,3.0,8.0,67.2,2.2,39.0,28.0,High School,No,Pass
606,100.0,4.1,4.0,52.5,2.8,6.0,22.0,Master,No,Pass
607,63.4,13.3,8.0,74.9,1.73,75.37608695652173,36.0,Bachelor,No,Pass
608,56.3,14.5,4.0,7.9,3.61,44.0,56.0,Bachelor,No,Fail
609,48.3,4.1,9.0,47.9,2.66,24.0,55.0,Master,Yes,Fail
610,97.4,16.5,6.0,42.5,3.58,44.0,5.0,Master,No,Pass
611,84.8,9.6,7.0,59.9,2.43,54.0,39.0,High School,No,Pass
612,74.2,12.7,10.0,54.2,2.43,59.0,27.0,PhD,Yes,Pass
613,79.2,20.1,4.0,81.0,2.27,75.37608695652173,32.0,High School,Yes,Pass
614,58.1,16.5,4.0,27.8,3.41,84.0,24.0,High School,No,Fail
615,100.0,10.7,6.0,65.9,2.3,55.0,32.0,Master,No,Pass
616,76.9,7.5,9.0,76.2,3.25,40.0,32.0,High School,Yes,Pass
617,76.6,1.2,4.0,100.0,2.53,62.0,21.0,High School,Yes,Pass
618,75.37608695652173,8.4,1.0,55.4,1.42,87.0,17.0,High School,No,Fail
619,82.2,10.9,6.0,71.5,2.4,11.0,23.0,Bachelor,No,Pass
620,78.4,7.1,8.0,28.9,1.97,35.0,34.0,Bachelor,No,Fail
621,63.1,11.3,9.0,75.37608695652173,2.82,0.0,39.0,Bachelor,Yes,Fail
622,82.1,12.4,6.0,81.9,1.97,44.0,43.0,Master,Yes,Pass
623,100.0,10.9,6.0,64.9,3.45,47.0,23.0,Bachelor,Yes,Pass
624,95.2,8.7,9.0,88.6,2.74,39.0,34.0,High School,Yes,Pass
625,98.9,12.8,3.0,37.5,2.68,75.37608695652173,44.0,Master,No,Fail
626,67.3,14.2,6.0,75.4,3.26,0.0,47.0,High School,No,Pass
627,60.2,6.5,7.0,100.0,3.47,75.37608695652173,29.0,High School,No,Pass
628,73.1,19.1,8.0,73.4,2.79,69.0,27.0,High School,No,Pass
629,75.8,11.5,6.0,70.5,2.26,75.37608695652173,33.0,Bachelor,Yes,Pass
630,91.4,12.1,7.0,65.2,1.56,49.0,13.0,High School,No,Pass
631,49.6,15.5,2.0,33.6,2.32,75.37608695652173,27.0,High School,No,Fail
632,97.9,13.2,6.0,92.1,2.37,49.0,41.0,High School,No,Pass
633,72.6,16.8,8.0,52.8,2.87,32.0,40.0,High School,Yes,Pass
634,68.6,13.4,5.0,75.1,2.56,25.0,26.0,Bachelor,No,Pass
635,59.8,8.9,7.0,33.7,3.28,25.0,33.0,Master,Yes,Fail
636,50.2,13.8,8.0,41.4,2.37,32.0,18.0,Master,Yes,Fail
637,87.3,6.3,6.0,93.7,2.76,75.37608695652173,41.0,High School,No,Pass
638,76.1,12.5,7.0,58.1,3.63,14.0,29.0,High School,No,Pass
639,75.37608695652173,11.8,5.0,94.1,3.04,32.0,26.0,PhD,Yes,Pass
640,55.6,11.0,7.0,63.4,2.76,39.0,25.0,High School,Yes,Pass
641,70.0,11.4,8.0,28.2,2.38,18.0,29.0,Master,No,Fail
642,100.0,2.6,7.0,82.8,2.36,76.0,23.0,High School,Yes,Pass
643,71.1,9.3,6.0,53.2,2.2,23.0,40.0,Master,No,Pass
644,52.5,12.5,7.0,79.0,2.42,27.0,24.0,High School,Yes,Pass
645,71.3,12.8,8.0,65.5,3.33,75.37608695652173,54.0,Bachelor,Yes,Pass
646,70.9,6.9,3.0,34.1,2.64,76.0,52.0,Bachelor,No,Fail
647,34.5,18.3,9.0,68.3,1.86,51.0,17.0,Bachelor,No,Fail
648,74.2,7.7,6.0,75.37608695652173,4.0,21.0,31.0,High School,Yes,Pass
649,75.37608695652173,16.8,8.0,74.9,3.02,62.0,20.0,Bachelor,No,Pass
650,85.4,14.1,9.0,75.37608695652173,1.82,44.0,25.0,Bachelor,Yes,Pass
651,100.0,8.8,4.0,86.5,2.49,45.0,60.0,High School,Yes,Pass
652,91.9,20.9,6.0,69.2,2.88,33.0,25.0,High School,No,Pass
653,71.0,6.0,6.0,69.2,3.99,25.0,35.0,Bachelor,No,Pass
654,58.4,16.6,5.0,43.2,2.02,47.0,38.0,High School,No,Fail
655,100.0,17.0,10.0,69.7,3.48,29.0,15.0,Bachelor,No,Pass
656,75.9,8.6,5.0,85.7,3.78,76.0,17.0,High School,No,Pass
657,75.2,19.0,6.0,48.3,2.36,15.0,12.0,Bachelor,No,Fail
658,74.6,10.7,7.0,93.5,2.61,71.0,17.0,High School,Yes,Pass
659,78.0,13.4,5.0,63.2,2.07,38.0,5.0,Bachelor,Yes,Pass
660,72.8,13.3,6.0,47.2,2.66,46.0,38.0,High School,No,Pass
661,66.4,11.3,8.0,85.0,2.77,57.0,61.0,High School,No,Pass
662,66.8,16.1,6.0,59.3,3.26,27.0,32.0,High School,No,Pass
663,74.5,16.0,7.0,80.2,3.56,57.0,9.0,PhD,No,Pass
664,66.8,3.3,6.0,59.2,2.28,0.0,20.0,High School,No,Pass
665,64.3,18.5,4.0,63.8,1.42,26.0,23.0,Bachelor,Yes,Fail
666,76.6,3.7,8.0,74.9,2.79,22.0,15.0,High School,No,Pass
667,71.2,17.2,10.0,70.8,3.01,15.0,43.0,High School,No,Pass
668,97.6,17.6,7.0,25.1,2.97,36.0,42.0,Bachelor,No,Pass
669,35.2,6.5,7.0,42.6,2.57,48.0,13.0,Bachelor,Yes,Fail
670,91.4,9.9,8.0,83.6,2.89,54.0,41.0,PhD,No,Pass
671,93.7,6.5,4.0,62.4,3.86,45.0,53.0,Master,No,Pass
672,43.9,10.9,10.0,54.5,3.07,27.0,59.0,Master,No,Pass
673,75.37608695652173,10.5,7.0,37.8,2.54,47.0,73.0,Bachelor,No,Pass
674,69.4,15.9,10.0,43.4,2.45,42.0,16.0,Bachelor,No,Pass
675,53.9,18.6,6.0,75.37608695652173,2.68,59.0,72.0,High School,No,Fail
676,63.3,19.0,10.0,63.0,3.95,56.0,25.0,Master,No,Pass
677,58.3,9.2,9.0,53.0,2.67,41.0,21.0,Bachelor,Yes,Pass
678,100.0,11.0,8.0,45.7,2.79,22.0,35.0,Bachelor,No,Pass
679,89.0,3.6,7.0,63.6,2.46,27.0,21.0,High School,No,Pass
680,94.1,8.0,7.0,72.3,3.57,29.0,36.0,High School,No,Pass
681,75.37608695652173,16.8,9.0,75.37608695652173,4.0,34.0,10.0,Master,Yes,Pass
682,58.1,20.1,7.0,34.8,3.12,45.0,26.0,High School,No,Fail
683,67.1,5.8,3.0,88.2,2.86,54.0,49.0,Bachelor,Yes,Pass
684,82.3,9.0,5.0,84.5,2.83,39.0,29.0,High School,Yes,Pass
685,56.7,11.9,7.0,49.4,1.13,40.0,32.0,Master,No,Fail
686,85.7,13.4,8.0,69.1,3.32,43.0,37.0,High School,Yes,Pass
687,71.4,8.0,7.0,55.8,2.89,30.0,48.0,Master,Yes,Pass
688,69.4,14.1,9.0,68.7,3.1,21.0,5.0,High School,No,Pass
689,85.7,9.6,3.0,95.2,2.3,5.0,39.0,Master,Yes,Pass
690,75.37608695652173,11.9,7.0,77.1,2.53,26.0,26.0,Bachelor,No,Pass
691,69.6,14.7,3.0,75.2,2.51,49.0,32.0,High School,Yes,Pass
692,92.4,12.0,9.0,56.4,3.52,26.0,46.0,Bachelor,No,Pass
693,58.8,9.8,7.0,35.3,2.53,35.0,12.0,High School,No,Fail
694,75.37608695652173,11.5,8.0,60.8,4.0,49.0,15.0,High School,No,Pass
695,75.37608695652173,11.6,5.0,89.1,3.1,50.0,5.0,Master,Yes,Pass
696,70.4,10.1,10.0,34.5,1.91,18.0,22.0,Bachelor,Yes,Fail
697,79.9,10.7,9.0,43.9,2.71,60.0,50.0,High School,Yes,Pass
698,56.2,20.0,8.0,67.5,2.34,75.37608695652173,28.0,High School,No,Pass
699,88.9,14.8,7.0,45.3,1.26,75.37608695652173,10.0,High School,No,Fail
700,72.2,10.5,8.0,75.37608695652173,3.92,24.0,23.0,Master,Yes,Pass
701,67.2,15.5,6.0,75.37608695652173,3.29,64.0,8.0,High School,Yes,Pass
702,90.7,10.3,9.0,37.7,3.17,37.0,13.0,PhD,Yes,Pass
703,64.4,17.9,10.0,45.5,2.92,0.0,36.0,Master,No,Fail
704,53.9,13.8,9.0,79.1,1.83,12.0,12.0,High School,No,Fail
705,51.7,11.5,6.0,38.9,2.46,35.0,47.0,High School,No,Fail
706,84.1,14.2,8.0,33.0,3.39,17.0,29.0,Master,No,Fail
707,55.8,4.1,4.0,52.4,2.06,32.0,31.0,High School,No,Fail
708,100.0,6.4,8.0,79.6,1.03,41.0,26.0,High School,Yes,Pass
709,43.8,6.0,8.0,61.1,2.64,69.0,42.0,High School,Yes,Pass
710,100.0,12.7,3.0,55.7,2.7,34.0,42.0,Bachelor,No,Pass
711,78.2,20.7,5.0,65.9,2.89,75.37608695652173,35.0,Master,No,Pass
712,73.5,23.2,6.0,30.1,3.31,69.0,38.0,High School,No,Pass
713,66.8,15.2,6.0,74.9,3.25,69.0,27.0,High School,No,Pass
714,81.0,14.5,5.0,72.7,2.98,46.0,38.0,Master,No,Pass
715,74.4,3.0,8.0,56.8,3.64,1.0,25.0,Master,No,Pass
716,91.5,9.3,8.0,85.1,1.74,49.0,30.0,Bachelor,No,Pass
717,76.7,8.1,7.0,42.5,3.15,61.0,26.0,Master,No,Pass
718,77.3,8.9,5.0,87.6,3.24,38.0,23.0,Bachelor,Yes,Pass
719,75.37608695652173,11.2,9.0,68.1,1.93,75.0,20.0,Master,No,Pass
720,74.1,9.6,10.0,58.3,1.75,57.0,37.0,High School,No,Pass
721,79.6,2.1,6.0,64.6,2.28,51.0,50.0,High School,No,Pass
722,49.3,15.7,6.0,62.9,2.34,62.0,48.0,Bachelor,No,Pass
723,54.8,6.6,8.0,89.4,3.33,47.0,11.0,Bachelor,No,Pass
724,86.1,13.2,6.0,43.5,2.37,0.0,49.0,PhD,Yes,Fail
725,77.6,22.4,7.0,49.7,2.2,30.0,25.0,High School,No,Pass
726,72.2,7.4,8.0,85.7,2.37,75.37608695652173,39.0,Master,Yes,Pass
727,75.3,0.0,3.0,53.1,3.58,24.0,16.0,Master,No,Pass
728,80.2,10.6,10.0,83.0,2.81,36.0,32.0,High School,No,Pass
729,66.9,17.5,7.0,99.0,2.67,19.0,35.0,Master,Yes,Pass
730,63.3,21.8,6.0,57.0,2.72,76.0,8.0,Bachelor,Yes,Pass
731,77.9,5.9,7.0,78.6,3.7,74.0,39.0,Master,No,Pass
732,60.3,14.5,7.0,41.9,2.28,22.0,50.0,Bachelor,No,Pass
733,81.1,9.7,4.0,80.1,3.72,43.0,27.0,Bachelor,Yes,Pass
734,49.5,11.5,10.0,75.37608695652173,2.95,26.0,50.0,Bachelor,No,Pass
735,90.4,25.2,7.0,74.5,2.69,52.0,27.0,High School,No,Pass
736,82.1,4.5,8.0,52.1,4.0,50.0,43.0,High School,Yes,Pass
737,78.8,13.3,9.0,31.8,2.06,56.0,5.0,Bachelor,No,Pass
738,75.37608695652173,14.3,5.0,75.1,2.55,47.0,66.0,Master,No,Pass
739,100.0,17.4,8.0,23.7,1.94,99.0,52.0,Bachelor,No,Fail
740,90.2,12.5,6.0,58.7,3.47,19.0,26.0,Bachelor,No,Pass
741,47.4,13.5,9.0,75.37608695652173,3.98,6.0,5.0,High School,Yes,Pass
742,55.8,10.0,3.0,68.8,3.97,32.0,34.0,Bachelor,Yes,Fail
743,65.6,13.3,7.0,100.0,3.66,9.0,8.0,High School,Yes,Pass
744,75.4,10.3,6.0,85.5,2.66,75.37608695652173,37.0,Master,No,Pass
745,82.8,15.1,8.0,51.9,2.54,20.0,36.0,PhD,No,Pass
746,64.1,10.2,8.0,65.5,1.63,22.0,16.0,Bachelor,No,Pass
747,77.8,13.9,6.0,64.1,4.0,21.0,47.0,High School,No,Pass
748,63.7,11.9,6.0,33.4,3.13,50.0,42.0,High School,No,Pass
749,75.37608695652173,17.6,7.0,46.2,2.46,30.0,45.0,Bachelor,No,Pass
750,53.9,11.7,5.0,53.8,3.73,36.0,30.0,Bachelor,No,Pass
751,61.2,3.1,9.0,24.3,2.12,58.0,9.0,Master,Yes,Pass
752,75.37608695652173,18.3,6.0,65.9,3.08,25.0,45.0,High School,Yes,Pass
753,60.4,7.5,1.0,60.0,2.68,35.0,26.0,Master,No,Pass
754,90.8,8.7,6.0,31.5,3.25,47.0,9.0,Bachelor,No,Pass
755,60.8,9.0,5.0,73.1,2.76,1.0,50.0,High School,No,Pass
756,100.0,18.9,4.0,79.3,1.78,75.37608695652173,61.0,Bachelor,No,Fail
757,82.4,1.3,5.0,69.5,2.85,47.0,29.0,High School,Yes,Pass
758,77.8,27.7,7.0,58.5,3.53,50.0,62.0,Bachelor,No,Pass
759,75.37608695652173,17.3,10.0,76.8,2.78,81.0,31.0,Master,No,Pass
760,85.5,13.1,8.0,78.6,3.34,43.0,24.0,Bachelor,No,Pass
761,66.4,11.7,6.0,71.1,2.07,56.0,21.0,Master,No,Pass
762,76.8,13.4,8.0,48.5,2.78,36.0,55.0,Bachelor,No,Pass
763,100.0,14.6,6.0,70.5,2.36,46.0,18.0,High School,No,Pass
764,73.6,15.2,6.0,88.9,3.32,73.0,41.0,Bachelor,No,Pass
765,92.2,14.8,5.0,53.1,2.82,0.0,22.0,Bachelor,No,Pass
766,64.5,12.4,3.0,100.0,3.28,48.0,23.0,High School,No,Pass
767,74.5,11.0,6.0,54.5,3.56,83.0,45.0,High School,Yes,Pass
768,100.0,11.2,7.0,65.6,3.28,46.0,24.0,Bachelor,Yes,Pass
769,65.6,11.0,7.0,51.6,2.99,73.0,24.0,High School,Yes,Pass
770,100.0,17.7,6.0,69.5,2.1,27.0,47.0,High School,Yes,Pass
771,85.6,15.0,5.0,30.2,2.8,39.0,54.0,Bachelor,No,Pass
772,75.37608695652173,0.0,8.0,54.1,2.43,41.0,40.0,High School,No,Pass
773,84.5,15.3,4.0,43.2,2.56,0.0,20.0,Master,Yes,Fail
774,89.6,13.0,9.0,67.7,2.54,17.0,22.0,High School,Yes,Pass
775,84.3,11.9,5.0,84.9,2.11,18.0,31.0,Master,Yes,Pass
776,51.4,10.1,5.0,77.9,1.43,56.0,35.0,Bachelor,No,Fail
777,64.1,17.6,4.0,17.6,2.33,57.0,15.0,Bachelor,No,Fail
778,71.3,16.7,6.0,100.0,2.94,46.0,41.0,High School,No,Pass
779,73.9,8.1,9.0,70.9,1.86,56.0,31.0,Master,No,Pass
780,84.3,14.0,8.0,75.37608695652173,2.81,37.0,5.0,Bachelor,Yes,Pass
781,77.7,7.1,9.0,75.37608695652173,4.0,64.0,16.0,Master,No,Pass
782,55.0,5.1,8.0,68.5,3.52,40.0,22.0,High School,Yes,Pass
783,80.7,8.9,5.0,75.37608695652173,3.95,41.0,29.0,High School,No,Pass
784,84.2,16.3,6.0,69.0,3.07,35.0,58.0,Bachelor,No,Pass
785,83.4,16.8,5.0,52.9,3.62,54.0,34.0,High School,No,Pass
786,91.2,14.6,10.0,56.9,2.29,32.0,17.0,Bachelor,No,Pass
787,87.5,15.6,5.0,51.3,2.35,60.0,33.0,High School,No,Pass
788,81.9,14.6,9.0,36.3,0.88,17.0,25.0,Bachelor,Yes,Fail
789,73.9,8.8,9.0,67.9,3.63,18.0,35.0,PhD,Yes,Pass
790,75.37608695652173,14.2,10.0,76.7,3.88,54.0,39.0,Bachelor,No,Pass
791,81.4,16.0,6.0,75.3,2.41,38.0,48.0,Master,No,Pass
792,78.1,15.8,8.0,81.4,2.62,31.0,30.0,Bachelor,Yes,Pass
793,79.1,17.9,10.0,71.5,2.27,58.0,55.0,Bachelor,No,Pass
794,55.8,15.5,6.0,54.3,3.07,28.0,44.0,Master,No,Pass
795,58.8,13.8,4.0,81.8,3.59,36.0,19.0,Master,No,Fail
796,90.8,17.4,3.0,37.8,1.58,68.0,63.0,Master,No,Fail
797,74.4,11.9,8.0,47.0,3.09,71.0,35.0,High School,No,Pass
798,85.2,7.6,3.0,45.7,2.61,71.0,17.0,Bachelor,No,Fail
799,75.4,11.2,6.0,86.6,2.88,34.0,55.0,High School,No,Pass
800,75.4,8.3,8.0,83.9,3.12,65.0,61.0,Bachelor,No,Pass
801,89.1,8.6,7.0,74.7,2.67,75.37608695652173,30.0,Bachelor,No,Pass
802,67.3,11.3,8.0,86.4,2.73,22.0,22.0,Master,No,Pass
803,75.37608695652173,8.0,7.0,47.4,2.65,0.0,27.0,Master,Yes,Fail
804,68.1,10.5,10.0,72.0,3.48,73.0,41.0,Bachelor,Yes,Pass
805,68.5,2.5,5.0,62.5,3.09,23.0,49.0,High School,No,Pass
806,70.4,13.1,6.0,81.9,2.95,75.37608695652173,39.0,Master,No,Pass
807,78.3,12.0,5.0,62.7,1.91,22.0,32.0,High School,No,Pass
808,75.37608695652173,7.9,9.0,57.3,2.53,54.0,52.0,Bachelor,Yes,Pass
809,93.8,15.3,9.0,75.8,3.43,32.0,25.0,High School,Yes,Pass
810,61.6,16.7,8.0,82.5,2.83,14.0,45.0,High School,No,Pass
811,72.2,4.0,9.0,51.6,3.26,49.0,26.0,PhD,Yes,Pass
812,68.4,8.2,5.0,63.8,4.0,11.0,36.0,High School,Yes,Pass
813,96.7,8.2,10.0,43.8,3.53,23.0,28.0,Bachelor,No,Pass
814,77.9,7.3,10.0,15.0,2.87,75.37608695652173,29.0,High School,Yes,Fail
815,90.5,16.1,8.0,69.0,2.44,75.37608695652173,24.0,Master,No,Pass
816,52.7,11.0,10.0,77.2,1.01,75.37608695652173,50.0,Master,No,Fail
817,79.0,10.7,4.0,70.2,2.68,75.37608695652173,19.0,High School,Yes,Pass
818,88.3,2.0,6.0,26.0,2.57,75.37608695652173,19.0,High School,No,Fail
819,76.2,15.2,6.0,58.0,3.07,40.0,62.0,Bachelor,No,Pass
820,91.0,5.8,8.0,20.6,2.69,29.0,45.0,High School,No,Pass
821,75.37608695652173,12.3,5.0,92.4,2.58,80.0,5.0,Bachelor,No,Pass
822,96.1,13.4,9.0,43.3,1.55,77.0,22.0,High School,No,Fail
823,100.0,18.8,10.0,90.1,2.14,75.37608695652173,5.0,High School,No,Pass
824,69.6,5.5,8.0,83.9,3.13,51.0,16.0,Bachelor,No,Pass
825,68.3,0.0,8.0,47.0,4.0,55.0,5.0,High School,No,Pass
826,96.8,12.9,5.0,42.3,2.73,28.0,28.0,Master,Yes,Pass
827,98.7,21.0,5.0,72.0,3.03,10.0,13.0,High School,Yes,Pass
828,67.2,18.2,9.0,48.1,3.47,40.0,31.0,High School,Yes,Pass
829,68.7,13.0,9.0,75.37608695652173,2.23,37.0,6.0,PhD,No,Pass
830,70.8,9.5,7.0,55.3,3.06,31.0,31.0,Bachelor,Yes,Pass
831,54.8,16.0,6.0,29.4,2.28,49.0,24.0,Bachelor,No,Fail
832,61.2,7.1,3.0,20.4,3.41,25.0,53.0,High School,No,Fail
833,59.9,14.4,5.0,69.5,2.91,17.0,51.0,Bachelor,Yes,Fail
834,63.5,14.5,10.0,53.8,3.01,42.0,42.0,Bachelor,No,Pass
835,74.5,17.3,4.0,53.9,2.25,48.0,25.0,High School,No,Pass
836,78.5,25.8,7.0,78.9,3.29,16.0,60.0,Master,Yes,Pass
837,98.3,14.0,9.0,88.5,4.0,59.0,7.0,Bachelor,No,Pass
838,60.0,9.5,4.0,59.5,2.09,5.0,9.0,High School,No,Pass
839,89.8,11.9,7.0,58.2,2.56,28.0,29.0,Bachelor,No,Pass
840,71.8,3.2,9.0,75.37608695652173,2.96,35.0,64.0,Bachelor,Yes,Pass
841,74.3,8.5,7.0,75.37608695652173,3.35,27.0,27.0,High School,No,Pass
842,85.1,10.0,10.0,69.5,2.41,29.0,27.0,Bachelor,No,Pass
843,58.2,9.4,4.0,76.0,0.82,77.0,8.0,High School,No,Fail
844,80.7,12.8,9.0,78.6,3.75,75.37608695652173,44.0,Bachelor,Yes,Pass
845,77.5,7.9,7.0,75.37608695652173,3.33,89.0,44.0,Master,No,Pass
846,82.4,17.6,9.0,49.8,1.58,49.0,42.0,Bachelor,No,Fail
847,79.3,12.0,8.0,47.4,2.37,42.0,21.0,Master,No,Pass
848,100.0,12.0,6.0,67.0,3.9,50.0,19.0,High School,No,Pass
849,65.4,10.4,7.0,74.6,3.81,91.0,11.0,Bachelor,No,Pass
850,67.0,12.8,3.0,94.9,3.46,20.0,31.0,Master,No,Pass
851,65.7,16.1,8.0,55.1,2.68,18.0,14.0,Bachelor,No,Pass
852,66.7,7.7,8.0,55.0,2.86,25.0,12.0,Bachelor,No,Pass
853,65.4,8.7,8.0,88.0,2.71,75.37608695652173,24.0,High School,Yes,Pass
854,92.8,10.5,9.0,70.9,3.59,5.0,23.0,High School,No,Pass
855,96.3,5.3,8.0,90.4,2.19,40.0,22.0,High School,No,Pass
856,66.4,7.9,7.0,70.8,2.24,74.0,37.0,PhD,Yes,Pass
857,62.5,9.6,5.0,75.37608695652173,3.51,43.0,31.0,High School,No,Pass
858,82.1,16.4,6.0,38.3,2.77,34.0,26.0,Master,Yes,Pass
859,66.7,13.3,9.0,34.0,3.76,28.0,33.0,Bachelor,No,Pass
860,84.5,13.0,10.0,75.37608695652173,2.33,58.0,15.0,High School,No,Pass
861,78.0,16.3,7.0,88.8,2.76,23.0,32.0,Bachelor,Yes,Pass
862,52.3,11.3,7.0,100.0,2.15,77.0,32.0,Master,No,Pass
863,98.2,14.0,5.0,81.9,2.81,79.0,7.0,Master,Yes,Pass
864,100.0,11.5,9.0,88.3,1.77,45.0,45.0,High School,No,Pass
865,65.8,13.3,8.0,53.4,2.46,40.0,17.0,High School,No,Pass
866,69.2,9.1,10.0,41.9,1.79,61.0,31.0,High School,No,Fail
867,79.3,0.0,5.0,82.0,3.29,62.0,47.0,High School,Yes,Pass
868,75.37608695652173,11.3,6.0,73.4,3.3,24.0,44.0,Bachelor,Yes,Pass
869,84.9,19.1,7.0,67.1,1.59,29.0,31.0,Master,No,Pass
870,100.0,16.6,8.0,72.7,3.73,14.0,25.0,High School,No,Pass
871,72.3,16.8,7.0,71.5,4.0,48.0,44.0,Bachelor,Yes,Pass
872,63.0,18.2,5.0,90.7,2.83,53.0,40.0,Bachelor,Yes,Pass
873,54.3,12.4,9.0,90.9,2.35,13.0,21.0,High School,Yes,Pass
874,75.37608695652173,13.0,8.0,75.9,4.0,31.0,18.0,High School,No,Pass
875,74.5,8.9,5.0,81.9,1.88,13.0,5.0,Bachelor,No,Pass
876,100.0,10.4,10.0,75.3,2.81,22.0,32.0,Master,Yes,Pass
877,67.2,15.1,9.0,55.8,2.93,51.0,29.0,Bachelor,No,Pass
878,78.4,18.0,7.0,80.1,3.74,25.0,47.0,High School,Yes,Pass
879,74.8,11.3,7.0,37.1,3.05,34.0,35.0,High School,No,Pass
880,75.37608695652173,9.7,8.0,86.1,2.45,7.0,50.0,High School,No,Pass
881,100.0,12.0,5.0,41.1,2.13,44.0,20.0,Bachelor,No,Pass
882,67.0,15.0,7.0,70.7,2.56,75.37608695652173,47.0,Master,No,Pass
883,67.7,4.8,3.0,48.1,2.1,25.0,22.0,High School,No,Fail
884,90.7,0.5,9.0,76.1,2.83,75.37608695652173,42.0,Master,No,Pass
885,85.2,9.2,4.0,64.3,2.41,44.0,8.0,Bachelor,No,Pass
886,100.0,5.9,10.0,33.1,1.75,24.0,34.0,Bachelor,No,Fail
887,83.8,9.5,6.0,75.37608695652173,3.68,10.0,5.0,PhD,Yes,Pass
888,69.6,11.3,7.0,53.4,2.45,76.0,26.0,High School,No,Pass
889,83.9,9.7,6.0,82.6,1.91,27.0,37.0,Master,No,Pass
890,91.6,19.3,6.0,65.0,2.68,38.0,22.0,High School,Yes,Pass
891,87.3,13.6,10.0,72.9,2.85,60.0,14.0,High School,Yes,Pass
892,82.6,13.5,2.0,45.8,1.58,111.0,43.0,Master,No,Fail
893,91.0,15.1,10.0,53.2,3.03,15.0,28.0,Master,Yes,Pass
894,92.5,6.3,8.0,55.8,2.07,49.0,23.0,Bachelor,No,Pass
895,95.7,17.2,5.0,82.1,4.0,75.37608695652173,31.0,Bachelor,No,Pass
896,84.7,11.6,5.0,98.5,3.17,29.0,70.0,Bachelor,No,Pass
897,72.5,15.4,10.0,48.9,2.52,26.0,47.0,Master,No,Pass
898,77.2,6.6,5.0,86.5,2.28,17.0,47.0,High School,No,Pass
899,93.1,4.2,5.0,21.6,2.73,39.0,37.0,Master,No,Fail
900,62.7,16.1,9.0,41.1,3.23,11.0,32.0,Bachelor,Yes,Fail
901,80.5,13.9,8.0,45.8,2.78,59.0,5.0,Bachelor,No,Pass
902,69.1,7.5,5.0,37.9,2.65,41.0,20.0,Bachelor,Yes,Pass
903,75.4,7.7,7.0,33.3,2.84,48.0,23.0,Bachelor,Yes,Pass
904,94.2,17.6,5.0,73.3,2.38,31.0,5.0,Master,No,Pass
905,77.9,6.1,9.0,60.7,2.56,33.0,13.0,Bachelor,Yes,Pass
906,75.7,20.2,9.0,72.6,1.34,46.0,5.0,PhD,No,Pass
907,75.37608695652173,7.5,8.0,78.8,3.48,17.0,29.0,High School,Yes,Pass
908,86.2,15.2,8.0,70.3,3.01,33.0,42.0,Bachelor,Yes,Pass
909,84.7,10.4,10.0,78.2,2.26,23.0,47.0,Master,Yes,Pass
910,100.0,15.0,7.0,75.37608695652173,4.0,22.0,36.0,Bachelor,Yes,Pass
911,70.4,9.3,5.0,41.3,2.86,0.0,16.0,Bachelor,No,Fail
912,78.3,11.2,8.0,75.37608695652173,2.07,67.0,5.0,Bachelor,No,Pass
913,78.7,12.2,10.0,53.2,3.4,26.0,5.0,Master,No,Pass
914,98.7,7.0,5.0,46.3,3.08,63.0,11.0,Master,No,Fail
915,73.6,15.7,6.0,61.4,3.08,61.0,17.0,High School,Yes,Pass
916,79.2,9.4,8.0,46.7,2.5,14.0,28.0,Master,No,Fail
917,84.1,10.9,7.0,56.7,3.12,18.0,15.0,Bachelor,Yes,Pass
918,77.8,7.0,5.0,75.37608695652173,2.62,91.0,35.0,High School,No,Pass
919,68.3,0.0,9.0,72.0,3.19,75.0,27.0,Master,No,Pass
920,77.9,11.0,10.0,47.0,1.47,39.0,30.0,Bachelor,No,Fail
921,91.1,24.1,7.0,55.2,2.5,75.37608695652173,47.0,Master,No,Pass
922,59.6,15.9,5.0,86.5,4.0,27.0,12.0,High School,No,Pass
923,77.0,11.9,4.0,74.9,2.26,49.0,36.0,High School,No,Pass
924,64.5,10.7,8.0,100.0,2.38,26.0,30.0,Bachelor,No,Pass
925,92.9,12.1,9.0,88.6,2.49,0.0,25.0,High School,Yes,Pass
926,52.2,14.7,8.0,87.9,1.95,14.0,43.0,Master,No,Fail
927,75.37608695652173,6.1,7.0,37.2,1.25,40.0,43.0,High School,No,Fail
928,75.37608695652173,17.6,6.0,75.37608695652173,2.64,17.0,16.0,Bachelor,No,Pass
929,98.5,15.6,5.0,75.37608695652173,2.9,39.0,27.0,High School,Yes,Pass
930,75.37608695652173,15.6,9.0,54.0,2.76,19.0,34.0,High School,No,Pass
931,66.7,14.2,9.0,75.37608695652173,2.7,24.0,26.0,Master,No,Pass
932,100.0,12.1,4.0,83.9,2.83,57.0,39.0,High School,No,Pass
933,53.3,15.4,10.0,75.0,3.52,45.0,34.0,Bachelor,Yes,Pass
934,42.0,15.0,8.0,47.4,2.67,40.0,57.0,Master,No,Fail
935,81.6,10.2,10.0,79.8,2.4,58.0,7.0,Bachelor,No,Pass
936,67.5,9.1,4.0,52.2,2.6,50.0,28.0,Master,No,Pass
937,75.37608695652173,12.5,4.0,69.3,3.21,69.0,16.0,High School,No,Fail
938,85.6,19.7,7.0,58.9,3.79,31.0,39.0,High School,No,Pass
939,78.7,5.8,8.0,60.6,2.36,31.0,6.0,Master,Yes,Pass
940,66.5,4.7,10.0,80.3,2.87,14.0,35.0,Bachelor,Yes,Pass
941,55.8,12.8,8.0,44.2,3.04,31.0,21.0,Bachelor,No,Fail
942,88.1,12.3,7.0,100.0,2.11,59.0,19.0,Bachelor,No,Pass
943,84.8,12.9,5.0,28.6,2.81,66.0,8.0,Bachelor,Yes,Fail
944,73.5,13.2,9.0,53.0,1.77,59.0,23.0,High School,No,Pass
945,100.0,10.9,5.0,75.37608695652173,1.56,4.0,46.0,Master,No,Pass
946,58.9,19.4,10.0,76.7,3.06,62.0,30.0,Bachelor,No,Pass
947,52.1,4.0,6.0,63.0,2.53,3.0,39.0,Bachelor,Yes,Pass
948,75.37608695652173,7.9,10.0,63.9,2.94,58.0,55.0,Master,Yes,Pass
949,74.3,11.5,8.0,73.2,2.79,33.0,34.0,High School,No,Pass
950,78.7,3.8,7.0,60.4,2.12,54.0,22.0,High School,No,Pass
951,71.4,11.1,6.0,92.9,2.77,75.37608695652173,37.0,Master,No,Pass
952,80.3,20.3,6.0,81.8,1.94,63.0,22.0,Master,No,Pass
953,56.2,12.1,8.0,75.37608695652173,3.77,11.0,22.0,Bachelor,No,Pass
954,96.7,13.2,7.0,45.7,1.85,27.0,7.0,High School,No,Fail
955,73.8,5.7,6.0,63.4,2.66,20.0,44.0,High School,No,Pass
956,91.8,8.9,7.0,59.0,2.07,5.0,24.0,Bachelor,No,Pass
957,80.1,10.1,7.0,44.9,3.2,42.0,33.0,High School,No,Pass
958,81.9,10.4,3.0,72.2,2.57,76.0,14.0,Master,Yes,Pass
959,83.5,18.4,8.0,54.2,2.44,93.0,37.0,Master,No,Pass
960,81.7,14.8,5.0,78.1,3.4,42.0,19.0,Master,Yes,Pass
961,84.6,6.4,5.0,43.6,2.82,62.0,28.0,High School,No,Fail
962,94.9,13.2,4.0,99.4,3.16,45.0,43.0,Master,No,Pass
963,77.9,14.5,3.0,47.1,2.11,50.0,42.0,High School,Yes,Fail
964,85.6,17.7,4.0,69.4,1.82,33.0,30.0,High School,No,Fail
965,73.7,19.9,6.0,75.37608695652173,2.88,44.0,5.0,High School,No,Pass
966,96.6,6.9,10.0,53.6,2.58,51.0,75.0,High School,No,Pass
967,64.9,7.9,6.0,82.0,3.24,28.0,56.0,Master,Yes,Pass
968,100.0,5.7,7.0,40.4,2.74,38.0,41.0,High School,No,Pass
969,74.4,10.8,8.0,94.0,2.94,39.0,19.0,High School,Yes,Pass
970,53.5,14.3,7.0,65.3,1.66,57.0,28.0,PhD,Yes,Fail
971,76.9,16.9,7.0,53.1,4.0,19.0,22.0,High School,Yes,Pass
972,64.8,11.6,5.0,59.0,2.69,39.0,49.0,Master,Yes,Pass
973,87.6,10.4,10.0,81.2,3.29,78.0,34.0,High School,No,Pass
974,65.2,12.8,10.0,53.3,2.21,75.37608695652173,18.0,High School,No,Pass
975,68.3,7.8,4.0,50.0,3.02,67.0,23.0,Master,No,Pass
976,46.7,22.4,5.0,60.6,1.89,40.0,47.0,High School,No,Fail
977,68.2,4.0,6.0,75.37608695652173,3.12,46.0,54.0,Bachelor,Yes,Pass
978,38.6,12.9,5.0,100.0,2.55,60.0,53.0,High School,No,Pass
979,51.2,22.1,8.0,53.7,2.82,71.0,41.0,High School,Yes,Pass
980,86.4,12.0,6.0,81.6,3.29,1.0,26.0,High School,No,Pass
981,86.8,11.0,10.0,69.2,1.94,14.0,5.0,High School,No,Pass
982,81.4,10.2,9.0,45.3,2.32,66.0,34.0,High School,Yes,Pass
983,60.5,11.1,7.0,64.9,3.12,34.0,30.0,Master,No,Pass
984,74.3,18.9,9.0,80.7,4.0,27.0,32.0,Bachelor,Yes,Pass
985,74.9,0.9,9.0,61.2,2.7,15.0,31.0,High School,No,Pass
986,57.6,19.7,6.0,88.9,3.21,75.37608695652173,10.0,Bachelor,Yes,Pass
987,97.6,4.9,5.0,85.4,2.73,12.0,38.0,Master,No,Pass
988,88.2,10.7,7.0,83.4,4.0,82.0,39.0,Master,Yes,Pass
989,71.7,9.9,9.0,55.8,1.58,40.0,40.0,Bachelor,No,Pass
990,75.4,14.9,7.0,43.4,2.87,39.0,44.0,Master,No,Pass
991,78.1,4.0,4.0,52.7,1.66,75.37608695652173,39.0,High School,No,Fail
992,44.4,14.3,5.0,68.9,1.05,59.0,24.0,High School,No,Fail
993,71.3,22.1,7.0,75.9,3.01,59.0,29.0,Bachelor,No,Pass
994,75.37608695652173,5.2,7.0,21.6,2.9,61.0,31.0,Bachelor,No,Pass
995,60.0,12.9,10.0,64.8,2.6,27.0,32.0,Bachelor,Yes,Pass
996,70.8,8.7,4.0,68.2,2.73,34.0,45.0,Bachelor,Yes,Pass
997,100.0,14.1,8.0,59.4,4.0,55.0,40.0,PhD,No,Pass
998,84.6,12.1,10.0,90.8,2.62,29.0,61.0,Master,No,Pass
999,66.4,8.8,10.0,73.4,3.16,40.0,63.0,Bachelor,No,Pass
1000,83.6,14.4,6.0,91.2,2.35,48.0,31.0,Bachelor,Yes,Pass
1001,96.0,21.0,8.0,60.7,3.01,56.0,5.0,High School,No,Pass
1002,88.9,11.0,8.0,83.7,2.63,4.0,49.0,High School,Yes,Pass
1003,75.9,15.6,7.0,97.7,2.51,54.0,22.0,High School,No,Pass
1004,65.3,5.5,7.0,91.2,4.0,35.0,18.0,Bachelor,No,Pass
1005,85.5,7.2,8.0,43.2,3.62,54.0,24.0,High School,Yes,Pass
1006,80.9,14.4,2.0,59.9,2.9,56.0,23.0,Master,No,Pass
1007,88.4,19.4,8.0,58.1,1.19,72.0,39.0,High School,Yes,Pass
1008,75.37608695652173,13.8,7.0,74.8,2.55,67.0,7.0,Bachelor,No,Pass
1009,90.7,10.4,7.0,78.7,4.0,67.0,14.0,High School,No,Pass
1010,67.0,12.0,10.0,48.2,2.64,69.0,35.0,High School,No,Pass
1011,75.37608695652173,5.7,6.0,66.4,3.57,46.0,39.0,Master,No,Pass
1012,78.0,15.0,6.0,24.6,3.81,41.0,40.0,Bachelor,Yes,Pass
1013,100.0,16.4,10.0,93.8,2.95,57.0,18.0,PhD,No,Pass
1014,64.7,9.7,5.0,54.8,2.21,55.0,15.0,PhD,No,Pass
1015,100.0,9.6,6.0,66.1,1.1,34.0,22.0,High School,No,Pass
1016,78.0,13.3,7.0,58.8,3.28,48.0,34.0,High School,Yes,Pass
1017,65.2,9.8,9.0,75.37608695652173,2.23,39.0,52.0,Master,No,Pass
1018,67.7,11.7,7.0,75.37608695652173,2.92,23.0,5.0,PhD,No,Pass
1019,70.2,22.5,4.0,64.7,1.93,66.0,27.0,Bachelor,No,Fail
1020,81.4,10.8,6.0,62.9,2.61,41.0,10.0,Master,No,Pass
1021,82.8,10.2,6.0,55.9,2.82,75.37608695652173,5.0,Master,No,Pass
1022,66.4,8.8,7.0,99.5,2.99,7.0,45.0,High School,No,Pass
1023,74.6,15.7,8.0,47.3,2.02,29.0,38.0,Bachelor,No,Pass
1024,100.0,11.1,8.0,80.4,3.64,41.0,37.0,Master,Yes,Pass
1025,100.0,8.8,3.0,72.1,2.38,63.0,44.0,Bachelor,No,Pass
1026,81.5,18.6,9.0,90.2,1.63,48.0,23.0,High School,No,Pass
1027,75.37608695652173,19.1,8.0,51.7,2.72,46.0,24.0,High School,No,Pass
1028,76.8,9.0,10.0,50.3,2.82,17.0,63.0,High School,No,Pass
1029,84.2,2.7,8.0,86.9,2.91,17.0,26.0,High School,No,Pass
1030,59.7,17.0,9.0,73.5,3.75,46.0,41.0,Master,Yes,Pass
1031,71.1,8.6,8.0,34.1,2.63,13.0,30.0,High School,No,Fail
1032,50.0,16.0,10.0,54.2,2.72,29.0,5.0,High School,No,Pass
1033,75.37608695652173,2.1,8.0,72.7,2.03,50.0,5.0,High School,No,Pass
1034,84.7,16.5,7.0,81.8,3.37,20.0,21.0,Bachelor,No,Pass
1035,67.8,5.9,10.0,51.4,2.93,72.0,46.0,Bachelor,No,Pass
1036,98.6,15.7,9.0,6.7,2.51,64.0,42.0,High School,Yes,Pass
1037,56.6,12.1,8.0,75.5,1.47,9.0,44.0,High School,No,Fail
1038,53.0,7.2,4.0,40.6,3.81,75.37608695652173,15.0,High School,No,Fail
1039,78.4,10.0,4.0,24.7,1.94,0.0,54.0,Bachelor,No,Fail
1040,90.7,15.4,8.0,8.4,2.39,24.0,16.0,High School,No,Pass
1041,100.0,12.5,7.0,81.3,3.05,55.0,33.0,Master,Yes,Pass
1042,68.1,14.9,6.0,67.6,1.96,32.0,30.0,Bachelor,Yes,Pass
1043,91.2,21.9,7.0,60.5,1.75,49.0,27.0,High School,No,Pass
1044,74.4,4.2,10.0,92.8,1.31,10.0,50.0,Bachelor,No,Pass
1045,72.4,20.1,8.0,77.7,3.3,56.0,19.0,High School,No,Pass
1046,88.3,12.5,5.0,97.3,2.42,29.0,10.0,Bachelor,No,Pass
1047,75.37608695652173,7.5,7.0,37.1,4.0,40.0,30.0,High School,No,Pass
1048,51.4,5.3,5.0,64.3,2.1,75.37608695652173,24.0,Bachelor,No,Pass
1049,97.1,11.1,6.0,32.7,2.15,15.0,81.0,Master,Yes,Fail
1050,95.7,16.6,6.0,60.4,2.4,17.0,40.0,Master,No,Pass
1051,65.6,11.4,6.0,60.0,2.97,59.0,24.0,High School,No,Pass
1052,80.9,19.6,4.0,77.5,2.47,48.0,14.0,High School,Yes,Pass
1053,82.4,4.7,7.0,75.37608695652173,3.23,61.0,5.0,Bachelor,No,Pass
1054,78.9,11.9,6.0,77.5,2.11,75.37608695652173,15.0,Master,No,Pass
1055,66.7,5.7,1.0,79.1,1.83,43.0,32.0,Master,No,Fail
1056,64.9,13.8,10.0,100.0,1.54,5.0,51.0,High School,Yes,Pass
1057,74.6,16.4,9.0,58.7,1.24,35.0,47.0,High School,No,Pass
1058,92.6,9.9,6.0,75.37608695652173,2.44,39.0,33.0,Bachelor,Yes,Pass
1059,83.2,0.0,7.0,69.9,2.59,79.0,25.0,High School,Yes,Pass
1060,69.4,13.0,5.0,49.0,2.36,54.0,34.0,High School,No,Fail
1061,86.6,14.2,10.0,94.6,3.67,71.0,22.0,High School,No,Pass
1062,32.3,14.0,10.0,59.3,3.66,52.0,56.0,Bachelor,No,Pass
1063,92.2,18.2,7.0,53.7,2.57,26.0,27.0,Master,No,Pass
1064,48.9,6.6,9.0,55.6,1.54,42.0,29.0,PhD,No,Fail
1065,69.6,15.4,7.0,79.4,2.4,45.0,5.0,High School,No,Pass
1066,58.2,18.0,4.0,61.8,2.38,21.0,27.0,Bachelor,No,Fail
1067,55.6,3.1,6.0,52.2,2.34,32.0,43.0,Master,No,Pass
1068,92.4,13.6,7.0,98.3,2.31,36.0,14.0,High School,No,Pass
1069,75.37608695652173,9.5,6.0,47.9,2.34,72.0,19.0,Bachelor,No,Pass
1070,80.2,11.6,7.0,65.7,2.53,0.0,42.0,Bachelor,Yes,Pass
1071,74.3,13.7,7.0,78.0,2.36,64.0,8.0,High School,No,Pass
1072,82.2,9.6,7.0,32.4,2.95,21.0,46.0,Bachelor,No,Pass
1073,76.2,8.6,7.0,74.6,3.05,13.0,22.0,High School,No,Pass
1074,55.8,12.2,5.0,43.9,2.16,64.0,24.0,Bachelor,No,Fail
1075,89.9,6.6,6.0,81.5,3.69,55.0,13.0,High School,Yes,Pass
1076,67.6,6.6,4.0,45.7,2.11,65.0,36.0,High School,No,Fail
1077,51.7,15.4,9.0,78.9,1.67,56.0,67.0,High School,No,Fail
1078,68.6,6.3,3.0,87.1,3.07,81.0,42.0,Master,Yes,Pass
1079,97.5,15.3,9.0,82.2,2.23,51.0,17.0,Bachelor,No,Pass
1080,87.8,14.3,10.0,75.37608695652173,3.02,75.37608695652173,47.0,Bachelor,No,Pass
1081,69.8,3.4,6.0,60.4,1.12,47.0,25.0,Bachelor,No,Pass
1082,69.8,8.6,2.0,53.5,3.77,65.0,51.0,Bachelor,No,Pass
1083,70.2,18.0,6.0,94.4,3.27,24.0,42.0,High School,No,Pass
1084,100.0,7.1,7.0,51.0,1.75,27.0,5.0,Bachelor,No,Pass
1085,80.7,9.7,5.0,44.3,1.76,34.0,15.0,High School,No,Fail
1086,81.5,14.3,6.0,78.3,3.97,0.0,44.0,High School,No,Pass
1087,90.5,15.9,10.0,49.1,2.28,43.0,32.0,Bachelor,No,Pass
1088,78.6,10.7,8.0,46.0,2.22,2.0,15.0,High School,No,Fail
1089,71.1,9.0,5.0,36.1,1.21,41.0,20.0,High School,No,Fail
1090,72.1,19.1,4.0,75.37608695652173,2.55,57.0,5.0,Bachelor,No,Pass
1091,73.9,20.7,6.0,63.3,2.64,30.0,29.0,Bachelor,No,Pass
1092,74.4,16.9,7.0,69.9,3.3,74.0,63.0,Bachelor,No,Pass
1093,85.9,12.4,8.0,84.0,1.82,11.0,42.0,Bachelor,No,Pass
1094,75.8,8.0,6.0,75.5,1.74,64.0,63.0,Bachelor,Yes,Pass
1095,86.0,7.8,8.0,61.2,3.12,54.0,43.0,Bachelor,Yes,Pass
1096,73.8,14.6,10.0,61.0,3.5,6.0,45.0,High School,Yes,Pass
1097,76.2,14.1,9.0,75.2,1.7,94.0,60.0,High School,Yes,Pass
1098,45.0,19.0,7.0,90.5,3.56,39.0,36.0,Bachelor,No,Pass
1099,88.7,15.3,7.0,67.5,2.83,22.0,27.0,High School,Yes,Pass
1100,80.2,4.5,6.0,55.6,3.56,12.0,45.0,PhD,No,Pass
1101,90.0,17.3,9.0,45.1,2.75,36.0,52.0,Master,Yes,Pass
1102,31.6,7.0,6.0,36.1,1.03,37.0,23.0,High School,No,Fail
1103,100.0,10.1,7.0,78.3,2.69,42.0,19.0,High School,No,Pass
1104,72.9,13.3,7.0,76.6,3.54,34.0,32.0,High School,Yes,Pass
1105,91.6,22.0,6.0,76.5,2.17,53.0,42.0,High School,No,Pass
1106,75.37608695652173,27.5,4.0,62.4,2.53,75.37608695652173,42.0,High School,Yes,Fail
1107,84.2,15.0,8.0,93.1,2.68,1.0,9.0,Bachelor,No,Pass
1108,59.2,11.1,7.0,55.3,0.77,37.0,59.0,Master,No,Fail
1109,65.6,14.7,8.0,75.37608695652173,3.97,75.37608695652173,20.0,Bachelor,No,Pass
1110,100.0,16.4,6.0,64.2,2.17,47.0,26.0,High School,Yes,Pass
1111,72.1,10.4,9.0,52.8,3.15,20.0,16.0,High School,No,Pass
1112,78.3,21.0,5.0,76.9,2.74,43.0,70.0,Bachelor,No,Pass
1113,88.1,13.2,10.0,73.2,3.68,66.0,34.0,Master,No,Pass
1114,75.37608695652173,14.5,4.0,72.1,3.08,21.0,17.0,Master,No,Pass
1115,77.3,15.3,8.0,66.6,2.64,61.0,43.0,Master,No,Pass
1116,80.5,14.1,8.0,64.2,2.17,75.37608695652173,42.0,Bachelor,No,Pass
1117,100.0,16.2,5.0,100.0,3.36,75.0,27.0,Bachelor,Yes,Pass
1118,74.1,8.9,8.0,75.37608695652173,1.49,33.0,43.0,High School,Yes,Pass
1119,78.0,9.2,10.0,79.5,3.25,23.0,18.0,Bachelor,No,Pass
1120,90.8,6.5,3.0,67.2,2.03,54.0,23.0,High School,Yes,Pass
1121,91.6,14.2,8.0,85.1,3.68,31.0,5.0,Bachelor,Yes,Pass
1122,92.8,15.9,2.0,75.4,2.91,23.0,10.0,Bachelor,Yes,Pass
1123,84.6,14.3,5.0,65.5,3.25,30.0,57.0,High School,No,Pass
1124,57.9,20.4,10.0,58.9,2.86,39.0,55.0,High School,No,Pass
1125,99.5,12.0,6.0,63.4,1.57,67.0,31.0,High School,No,Pass
1126,57.8,15.3,5.0,75.37608695652173,2.2,1.0,55.0,High School,Yes,Fail
1127,79.5,6.5,7.0,69.2,3.27,40.0,28.0,High School,No,Pass
1128,63.7,10.1,10.0,55.2,2.92,52.0,26.0,High School,No,Pass
1129,74.0,15.5,3.0,96.9,3.63,44.0,31.0,High School,No,Pass
1130,79.9,16.2,5.0,75.37608695652173,3.08,66.0,28.0,High School,No,Pass
1131,79.8,10.5,10.0,41.2,2.12,39.0,27.0,PhD,No,Pass
1132,81.3,11.6,10.0,64.0,2.24,36.0,47.0,High School,No,Pass
1133,99.2,4.4,7.0,44.1,2.87,52.0,32.0,High School,Yes,Pass
1134,81.8,10.2,5.0,74.5,1.18,42.0,41.0,Bachelor,Yes,Fail
1135,71.3,16.5,10.0,70.8,3.97,32.0,45.0,Master,Yes,Pass
1136,89.5,14.9,10.0,84.2,3.11,50.0,36.0,Bachelor,No,Pass
1137,92.8,14.5,8.0,49.2,3.66,27.0,15.0,High School,Yes,Pass
1138,56.6,12.2,5.0,65.7,1.69,28.0,10.0,Bachelor,No,Fail
1139,84.0,12.0,7.0,37.7,3.67,29.0,32.0,Bachelor,Yes,Pass
1140,85.5,8.7,7.0,79.0,4.0,67.0,27.0,Bachelor,No,Pass
1141,75.37608695652173,15.5,8.0,75.4,1.88,0.0,31.0,Bachelor,No,Pass
1142,95.6,14.1,10.0,75.37608695652173,3.34,48.0,30.0,Master,No,Pass
1143,72.7,14.5,9.0,65.0,2.8,41.0,69.0,Master,No,Pass
1144,76.9,9.4,5.0,73.3,1.72,6.0,10.0,Bachelor,Yes,Fail
1145,75.37608695652173,1.2,10.0,97.1,3.15,46.0,5.0,Bachelor,No,Pass
1146,75.2,17.5,8.0,59.3,3.38,50.0,35.0,Bachelor,Yes,Pass
1147,58.6,9.6,8.0,67.8,2.38,52.0,24.0,Master,No,Pass
1148,53.4,7.7,10.0,75.37608695652173,3.62,0.0,35.0,High School,No,Fail
1149,98.9,15.5,5.0,47.6,1.63,67.0,39.0,PhD,Yes,Fail
1150,62.3,10.0,7.0,67.0,1.75,25.0,49.0,High School,Yes,Pass
1151,60.1,17.3,6.0,87.1,2.9,54.0,7.0,Bachelor,No,Pass
1152,42.7,15.1,4.0,59.9,2.82,55.0,22.0,Master,No,Fail
1153,65.4,15.4,8.0,60.3,2.3,22.0,36.0,High School,No,Pass
1154,55.2,5.2,10.0,56.9,3.37,53.0,42.0,Bachelor,No,Pass
1155,99.6,18.1,3.0,54.3,3.17,32.0,63.0,High School,No,Pass
1156,90.1,13.3,7.0,70.9,3.4,0.0,44.0,High School,Yes,Pass
1157,64.7,10.2,8.0,35.1,2.71,63.0,29.0,High School,No,Pass
1158,100.0,12.7,7.0,90.6,3.22,24.0,17.0,High School,Yes,Pass
1159,89.7,3.1,7.0,51.7,2.49,75.37608695652173,22.0,High School,No,Pass
1160,70.1,14.0,4.0,79.4,4.0,32.0,21.0,PhD,No,Pass
1161,37.5,6.9,7.0,75.37608695652173,2.23,45.0,40.0,PhD,Yes,Fail
1162,100.0,5.2,5.0,78.4,4.0,39.0,34.0,High School,No,Pass
1163,54.2,4.4,3.0,78.4,2.82,51.0,10.0,Bachelor,No,Fail
1164,50.3,17.6,9.0,72.7,1.84,13.0,23.0,High School,No,Fail
1165,75.37608695652173,8.9,9.0,45.1,3.76,25.0,43.0,High School,Yes,Pass
1166,100.0,19.7,7.0,70.0,2.89,38.0,35.0,High School,Yes,Pass
1167,95.8,9.3,7.0,41.3,3.4,78.0,39.0,PhD,No,Pass
1168,83.5,3.5,9.0,59.9,3.66,38.0,36.0,Master,No,Pass
1169,83.9,6.4,7.0,85.6,3.04,62.0,54.0,High School,No,Pass
1170,87.8,18.2,9.0,80.9,2.39,41.0,34.0,High School,Yes,Pass
1171,86.4,11.2,6.0,65.3,3.48,30.0,24.0,High School,No,Pass
1172,79.2,9.3,10.0,75.37608695652173,2.8,35.0,16.0,Bachelor,No,Pass
1173,76.6,12.8,8.0,77.9,3.28,37.0,34.0,Bachelor,No,Pass
1174,74.1,14.5,7.0,65.4,1.29,52.0,5.0,High School,No,Pass
1175,63.7,17.6,4.0,18.6,3.11,67.0,27.0,Master,No,Fail
1176,70.8,19.2,8.0,80.7,2.35,47.0,27.0,High School,No,Pass
1177,49.6,10.2,5.0,64.5,3.96,64.0,10.0,Master,No,Pass
1178,75.37608695652173,5.4,6.0,89.0,3.24,21.0,16.0,Bachelor,No,Pass
1179,60.2,9.9,5.0,43.1,2.97,32.0,42.0,Bachelor,No,Pass
1180,58.4,13.3,5.0,1.5,3.14,26.0,33.0,Master,No,Fail
1181,77.7,7.2,10.0,75.37608695652173,2.1,75.37608695652173,32.0,Master,No,Pass
1182,95.9,7.2,10.0,70.8,3.94,33.0,35.0,High School,Yes,Pass
1183,88.8,13.7,10.0,31.2,4.0,55.0,31.0,High School,Yes,Pass
1184,51.4,11.8,5.0,45.4,3.08,21.0,49.0,Master,Yes,Fail
1185,60.2,12.2,7.0,100.0,3.91,41.0,32.0,High School,Yes,Pass
1186,89.1,8.2,4.0,75.37608695652173,2.4,54.0,8.0,High School,Yes,Pass
1187,60.3,10.8,6.0,79.6,2.24,75.37608695652173,54.0,Bachelor,No,Pass
1188,71.6,7.4,5.0,52.0,2.83,82.0,36.0,Master,No,Pass
1189,83.3,16.5,9.0,23.2,3.1,34.0,21.0,Master,No,Pass
1190,60.5,17.2,6.0,61.6,2.52,0.0,11.0,Master,Yes,Pass
1191,76.6,2.8,9.0,59.7,3.18,43.0,36.0,Bachelor,Yes,Pass
1192,55.0,7.4,8.0,57.0,3.01,41.0,28.0,High School,No,Pass
1193,66.0,4.5,10.0,62.7,2.1,38.0,54.0,Bachelor,No,Pass
1194,79.8,8.7,4.0,70.3,3.16,60.0,25.0,Master,No,Pass
1195,51.1,11.6,10.0,62.0,3.4,55.0,17.0,High School,No,Pass
1196,81.6,4.8,9.0,39.7,2.92,75.37608695652173,43.0,High School,No,Pass
1197,74.7,7.4,5.0,74.7,3.61,49.0,44.0,High School,No,Pass
1198,83.3,7.0,9.0,26.0,1.95,38.0,33.0,Bachelor,No,Fail
1199,78.4,13.0,8.0,24.0,3.13,76.0,40.0,Master,No,Pass
1200,95.5,12.3,7.0,79.8,1.98,10.0,29.0,Bachelor,No,Pass
